Adult Mortality (bin),Adult Mortality,Alcohol,BMI,Country,Diphtheria,GDP,HIV/AIDS,Hepatitis B,Income composition of resources,Life expectancy,Measles,Number of Records,Polio,Population,Schooling,Status,Total expenditure,Year,Year_count,infant deaths,percentage expenditure,thinness  1-19 years,thinness 5-9 years,under-five deaths
0,3,0.01,13,Afghanistan,36,187.84595,0.1,64,0.341,56.2,2486,1,36,21979923,6.2,Developing,7.76,2002,16,88,16.88735091,19.9,2.2,122
0,8,4.51,57.2,Albania,98,4575.763787,0.1,98,0.761,77.5,0,1,98,288914,14.2,Developing,5.88,2014,16,0,428.7490668,1.2,1.3,1
0,1,5.61,52.6,Albania,99,437.539647,0.1,99,0.713,75.3,0,1,99,2947314,12,Developing,5.87,2008,16,1,36.62206845,1.6,1.6,1
0,9,5.58,51.7,Albania,98,363.13685,0.1,98,0.703,75.9,22,1,99,29717,11.6,Developing,6.1,2007,16,1,32.24655228,1.6,1.7,1
0,15,5.16,49.9,Albania,98,279.142931,0.1,98,0.685,73.5,6,1,97,311487,10.8,Developing,6.12,2005,16,1,26.99312143,1.8,1.8,1
0,17,4.54,48.9,Albania,97,2416.588235,0.1,99,0.681,73,7,1,98,326939,10.9,Developing,6.38,2004,16,1,221.8428,1.8,1.9,1
0,18,4.29,47.9,Albania,97,189.681557,0.1,97,0.674,72.8,8,1,97,339616,10.7,Developing,6.27,2003,16,1,14.71928882,1.9,2,1
0,15,3.73,46.9,Albania,98,1453.642777,0.1,96,0.67,73.3,16,1,98,3511,10.7,Developing,6.3,2002,16,1,104.5169157,2,2.1,1
0,14,4.25,46,Albania,97,1326.97339,0.1,96,0.662,73.6,18,1,97,36173,10.6,Developing,6,2001,16,1,96.20557078,2.1,2.1,1
0,11,3.66,45,Albania,97,1175.788981,0.1,96,0.656,72.6,662,1,97,38927,10.7,Developing,6.26,2000,16,1,91.71154052,2.1,2.2,1
0,19,,59.5,Algeria,95,4132.76292,0.1,95,0.743,75.6,63,1,95,39871528,14.4,Developing,,2015,16,21,0,6,5.8,24
0,11,0.01,58.4,Algeria,95,547.8517,0.1,95,0.741,75.4,0,1,95,39113313,14.4,Developing,7.21,2014,16,21,54.2373183,6,5.8,24
0,14,0.45,47.9,Algeria,86,2598.9823,0.1,81,0.673,72.3,3289,1,86,3283196,11.7,Developing,3.54,2004,16,19,220.393699,6.2,6.1,23
28,44,2.58,15.8,Angola,38,526.168743,2.1,,0.391,45.7,9046,1,41,16983266,5.1,Developing,5.38,2001,16,97,30.35993647,1.7,1.7,159
28,48,1.85,15.4,Angola,28,555.2969419,2,,0.382,45.3,2219,1,3,1644924,4.6,Developing,2.79,2000,16,97,15.88149254,1.9,1.9,160
0,13,,47.7,Antigua and Barbuda,99,13566.9541,0.2,99,0.784,76.4,0,1,86,,13.9,Developing,,2015,16,0,0,3.3,3.3,0
0,14,7.82,43.8,Antigua and Barbuda,99,1312.46692,0.1,98,0.788,75.4,0,1,98,,14.2,Developing,4.86,2009,16,0,149.3587355,3.4,3.3,0
0,12,8.35,61,Argentina,91,12969.7712,0.1,91,0.822,75.9,2,1,99,4296739,17.2,Developing,5.2,2012,16,9,1133.558003,1,0.9,10
0,12,8.11,6.4,Argentina,91,12726.9836,0.1,91,0.816,75.7,3,1,93,41656879,17.1,Developing,5.89,2011,16,9,1504.329462,1,0.9,10
0,13,7.63,56.3,Argentina,98,4251.574348,0.1,81,0.775,74.7,0,1,91,38728696,16.3,Developing,6.84,2004,16,11,719.3663797,1.1,1,12
0,12,3.91,54.1,Armenia,93,3994.712355,0.1,93,0.739,74.6,13,1,95,29622,12.7,Developing,4.48,2014,16,1,295.6087143,2.1,2.1,1
0,14,3.96,5.1,Armenia,89,41.26997,0.1,89,0.721,73.2,0,1,91,29822,12.3,Developing,3.8,2008,16,1,2.8888979,2,2.1,1
0,6,9.71,66.1,Australia,92,62214.6912,0.1,91,0.936,82.7,340,1,92,2346694,20.4,Developed,9.42,2014,16,1,10769.36305,0.6,0.6,1
0,7,12.26,56.1,Austria,92,48333.57273,0.1,92,0.884,88,36,1,92,8429991,15.7,Developed,11.17,2012,16,0,7878.372355,1.8,2,0
0,8,12.5,53.7,Austria,85,46586.6525,0.1,85,0.86,81,20,1,85,8295487,15.2,Developed,1.4,2007,16,0,7453.8644,1.7,1.9,0
0,9,12.5,51.2,Austria,83,26351.37568,0.1,81,0.847,78.7,0,1,82,881957,16.1,Developed,1.27,2002,16,0,3979.057728,1.7,1.9,0
0,13,1.98,48,Azerbaijan,81,5842.85784,0.1,8,0.737,71.1,0,1,85,954332,11.7,Developing,5.33,2010,16,5,246.5686008,2.8,2.9,6
0,14,1.02,45.9,Azerbaijan,79,3851.437869,0.1,62,0.708,73,0,1,81,85813,11.6,Developing,5.1,2007,16,6,176.0107106,2.8,2.9,7
0,16,0.65,42.1,Azerbaijan,76,655.974326,0.1,,0.636,66.6,210,1,75,8486,10.1,Developing,4.67,2000,16,9,35.09462644,3.2,3.1,11
0,16,9.45,63.8,Bahamas,96,,0.1,96,0.789,75.4,0,1,96,,12.6,Developing,7.74,2014,16,0,0,2.5,2.5,0
0,19,10.85,56,Bahamas,94,,0.1,89,0.781,73.1,0,1,93,,12.1,Developing,5.26,2002,16,0,0,2.6,2.6,0
0,7,1.57,62.9,Bahrain,98,24983.3792,0.1,98,0.82,76.8,46,1,98,,14.5,Developing,4.98,2014,16,0,367.2556742,6.1,6,0
0,7,1.65,62.2,Bahrain,99,251.18329,0.1,99,0.815,76.7,0,1,99,,14.5,Developing,4.69,2013,16,0,3.968695982,6.1,6,0
0,9,1.95,54.8,Bahrain,99,12868.211,0.1,99,0.794,74.7,5,1,99,,13.3,Developing,3.8,2001,16,0,1150.418063,6.2,6,0
0,14,0.01,15.8,Bangladesh,96,835.789341,0.1,96,0.545,73,5625,1,96,153911916,9.4,Developing,3.16,2011,16,118,62.34988484,18.7,19.2,150
0,1,8.82,53.7,Barbados,94,15359.66971,0.1,94,0.793,75.4,0,1,95,,15.3,Developing,7.47,2014,16,0,294.9056584,3.8,3.7,0
0,11,8.74,53,Barbados,91,15472.7814,0.1,91,0.792,75.2,0,1,91,,15.3,Developing,7.57,2013,16,0,263.0372838,3.8,3.8,0
0,12,8.61,52.2,Barbados,87,15384.8749,0.1,87,0.785,75.1,0,1,88,,15.3,Developing,7.43,2012,16,0,260.0043858,3.8,3.8,0
0,14,8.51,51.4,Barbados,91,15534.1574,0.1,91,0.78,74.9,0,1,91,,15.5,Developing,6.67,2011,16,0,173.9825629,3.8,3.8,0
0,16,8.41,5.7,Barbados,86,1595.91232,0.1,86,0.781,74.7,0,1,9,,15.8,Developing,6.17,2010,16,0,154.9630863,3.8,3.8,0
0,19,8.46,49.9,Barbados,93,16523.32388,0.1,93,0.779,74.6,0,1,93,,15.5,Developing,6.21,2009,16,0,327.1618128,3.8,3.8,0
0,23,14.66,61.1,Belarus,98,7978.825443,0.1,98,0.796,71.7,16,1,98,9465997,15.7,Developing,6.7,2013,16,0,1109.854619,2,2,1
0,8,10.11,62.3,Belgium,98,4772.77415,0.1,97,0.884,83,576,1,98,1147744,16.1,Developed,1.42,2011,16,0,713.5297354,0.9,0.9,1
0,1,11.01,58.5,Belgium,95,23121.56635,0.1,6,0.873,78,83,1,96,128657,18.2,Developed,8.29,2001,16,1,2943.375396,0.8,0.8,1
0,11,11.21,58.1,Belgium,95,2327.4591,0.1,6,0.869,77.6,0,1,96,125125,18,Developed,8.12,2000,16,1,287.2084529,0.8,0.8,1
0,18,6.56,49.3,Belize,95,4688.538443,0.2,95,0.706,69.8,0,1,95,344181,12.9,Developing,5.79,2013,16,0,629.2018591,3.4,3.4,0
0,21,5.67,42.6,Belize,96,3679.99523,1.5,96,0.684,68.4,0,1,95,26913,12.2,Developing,4.53,2003,16,0,312.7995946,3.6,3.6,0
0,21,4.9,41.4,Belize,96,3419.275719,0.4,96,0.677,68.2,0,1,96,254984,11.8,Developing,4.5,2001,16,0,251.6586929,3.7,3.7,0
28,29,0.14,14.4,Bhutan,88,87.9387673,0.1,89,0,61.7,756,1,88,5896,7.6,Developing,5.91,2001,16,1,8.574029812,18.9,19.6,1
0,22,3.95,49.3,Bolivia (Plurinational State of),91,,0.2,91,0.643,68.7,0,1,9,,13.8,Developing,5.44,2010,16,9,0,1.2,1.1,12
0,27,3.87,48.6,Bolivia (Plurinational State of),93,,0.2,93,0.636,68,0,1,92,,13.8,Developing,5.76,2009,16,10,0,1.2,1.1,12
0,23,2.37,44.7,Bolivia (Plurinational State of),88,,0.2,8,0.617,64.5,0,1,82,,14.4,Developing,5.3,2003,16,13,0,1.4,1.3,17
0,9,4.12,54.7,Bosnia and Herzegovina,89,535.86555,0.1,91,0.735,77,0,1,87,364999,14.2,Developing,9.46,2013,16,0,75.61062911,2.4,2.4,0
0,16,5.16,51.5,Bosnia and Herzegovina,95,418.292176,0.1,94,0.703,75.4,166,1,95,3774,12.9,Developing,8.37,2007,16,0,8.240355867,2.8,2.8,0
0,1,4.82,51,Bosnia and Herzegovina,87,344.321698,0.1,9,0.697,75.7,17,1,91,3779468,12.7,Developing,8.28,2006,16,0,38.25414065,2.9,2.8,0
0,12,4.56,5.5,Bosnia and Herzegovina,93,2968.41186,0.1,93,0,75,23,1,95,378153,12.5,Developing,8.5,2005,16,0,45.71354264,2.9,2.9,0
0,12,4.14,49.4,Bosnia and Herzegovina,87,2214.732246,0.1,,0,75.2,18,1,87,3779247,12.1,Developing,7.94,2003,16,0,39.86518043,3,3,0
0,11,3.84,48.8,Bosnia and Herzegovina,8,1761.537647,0.1,,0,75.4,28,1,86,377587,11.9,Developing,7.1,2002,16,0,151.1399301,3.1,3.1,0
0,3,0.01,36.2,Botswana,95,729.231453,4.4,95,0.687,63.4,7,1,96,289315,12.5,Developing,6.27,2012,16,2,12.83447357,7.3,7,3
0,17,6.85,46.9,Brazil,99,3623.47667,0.1,96,0.695,72,0,1,99,184738458,14,Developing,7.7,2004,16,81,186.6090485,3.2,3.2,93
0,8,0.01,4.2,Brunei Darussalam,99,4159.8652,0.1,99,0.863,77.6,1,1,99,,15,Developing,2.65,2014,16,0,269.1432784,5.7,5.2,0
0,1,0.85,33.2,Brunei Darussalam,99,32672.36717,0.1,97,0.84,76,0,1,95,,14.3,Developing,2.32,2007,16,0,2048.557422,6.2,5.7,0
0,19,0.47,27,Brunei Darussalam,97,16468.12886,0.1,99,0.819,74.7,11,1,99,,13.4,Developing,3.6,2001,16,0,1078.66244,6.8,6.2,0
0,16,0.37,26.1,Brunei Darussalam,99,188.44826,0.1,99,0.818,74.4,42,1,99,,13.4,Developing,3.5,2000,16,0,11.79686108,6.8,6.3,0
0,14,12.06,64.5,Bulgaria,95,7674.86559,0.1,95,0.781,74.1,14,1,95,7265115,14.4,Developed,7.93,2013,16,1,149.659879,1.9,1.9,1
0,16,10.48,59.7,Bulgaria,96,3893.68998,0.1,96,0.745,72.1,3,1,97,7658972,13.5,Developed,7.8,2005,16,1,456.3404657,2.2,2.3,1
0,16,10.72,57.5,Bulgaria,94,1764.97387,0.1,93,0.713,71.6,8,1,94,89142,12.9,Developed,7.23,2001,16,1,25.06262895,2.4,2.5,1
0,26,,19.4,Burkina Faso,91,615.592225,0.6,91,0.399,59.9,99,1,91,1811624,7.7,Developing,,2015,16,38,0,8,7.5,61
0,27,4.64,18.2,Burkina Faso,88,699.452847,0.7,88,0.392,59,375,1,89,1772723,7.5,Developing,5.91,2013,16,40,88.97040214,8.4,7.9,66
28,32,4.73,14.6,Burkina Faso,86,422.6332374,2,76,0.325,54.3,125,1,94,13829177,4.7,Developing,6.58,2006,16,47,64.24025208,1,9.6,86
28,33,0.01,17.6,Burundi,96,282.7555252,1,96,0.398,58.6,0,1,96,96186,10.5,Developing,8.3,2013,16,22,40.15128458,7.4,7.4,32
28,33,4.16,16.1,Burundi,96,231.1943256,1.9,96,0.361,56.8,495,1,94,876693,9.3,Developing,8.82,2010,16,23,31.14187566,7.7,7.7,34
28,35,4.33,15.2,Burundi,92,196.2472628,2.9,92,0.319,55.3,173,1,89,8212264,7.9,Developing,7.86,2008,16,23,15.99415192,7.9,7.9,35
28,47,0.01,27.4,Côte d'Ivoire,76,,2,76,,52.8,50,1,76,,,Developing,5.72,2014,16,58,0,5.6,5.6,80
0,12,0.01,29.7,Cabo Verde,93,3558.796314,0.2,94,0.643,72.8,0,1,93,5216,13.6,Developing,4.29,2013,16,0,325.6298627,6.9,6.9,0
0,14,4.19,23.7,Cabo Verde,93,1976.45856,0.8,91,0.574,71.4,0,1,94,467664,11.1,Developing,5.6,2004,16,0,240.139715,8.7,8.7,0
0,19,2.12,17,Cambodia,88,882.491462,0.3,88,0.533,67,722,1,87,14537886,10.7,Developing,5.64,2011,16,13,60.18591771,11,11.2,15
0,24,2.08,14.8,Cambodia,82,631.675789,0.9,82,0.495,65,394,1,82,13676693,10.3,Developing,3.75,2007,16,16,57.73516711,11.3,11.5,20
28,37,6.15,26,Cameroon,84,1182.869227,5.5,84,0.48,55.3,240,1,83,1997495,9.7,Developing,5.28,2010,16,53,100.8987451,6.1,6.2,82
0,4,5.03,23.3,Cameroon,8,952.1872484,7.4,79,0.456,52.8,605,1,79,1742795,8.3,Developing,4.75,2005,16,58,73.03276195,6.9,7,93
28,47,4.58,21.8,Cameroon,66,676.397661,7.8,,0.452,51.6,1448,1,66,1684886,8.4,Developing,4.86,2002,16,60,53.70597428,7.4,7.5,97
28,41,4.43,21.3,Cameroon,63,614.6729339,7.9,,0.437,51.5,23934,1,61,15671927,7.1,Developing,4.7,2001,16,61,41.73629221,7.5,7.7,99
0,7,8.4,64.1,Canada,89,47447.4762,0.1,56,0.898,81.2,99,1,88,345274,15.9,Developing,11.2,2010,16,2,8649.674911,0.5,0.4,2
0,8,7.6,58.5,Canada,89,23691.59472,0.1,,0.867,79.4,34,1,88,31819,15.8,Developing,9.1,2001,16,2,3665.089703,0.5,0.4,2
56,56,1.54,18.6,Central African Republic,51,347.673678,10,,0.323,46.3,3,1,47,421758,6,Developing,3.99,2006,16,17,46.90117916,9.6,9.6,26
28,51,1.49,17.5,Central African Republic,47,286.25819,12.8,,0.316,45.7,652,1,44,3981665,5.6,Developing,4.31,2003,16,17,46.11619441,1,1.1,26
56,58,1.47,17.2,Central African Republic,44,253.768343,13.4,,0.315,45.6,938,1,42,397612,5.4,Developing,4.16,2002,16,17,31.5941587,1.2,1.2,25
28,54,1.52,16.8,Central African Republic,4,243.1586486,13.9,,0.314,45.6,2837,1,4,383223,5.3,Developing,3.95,2001,16,17,33.65315697,1.4,1.4,25
28,49,1.51,16.5,Central African Republic,37,243.5429317,14.3,,0.312,46,3207,1,38,3754986,5.2,Developing,4.24,2000,16,16,30.78382657,1.5,1.5,25
28,37,0.47,16.7,Chad,24,84.455939,4.4,24,0.343,57,165,1,32,1152786,6.3,Developing,3.31,2009,16,46,4.982900401,9.6,9.5,80
28,46,0.42,15.4,Chad,25,66.2421396,5.2,,0.306,48.6,2,1,37,1679,5.6,Developing,3.91,2005,16,45,8.936064632,1.5,1.4,79
28,45,0.34,15.1,Chad,21,454.6765879,5.2,,0.301,48.5,10324,1,31,97143,5.6,Developing,5.72,2004,16,44,72.38451279,1.7,1.6,78
28,43,0.42,14.8,Chad,23,292.5914364,5.1,,0.284,48.4,15801,1,36,935321,5.4,Developing,5.49,2003,16,44,3.979243535,1.9,1.8,77
28,43,0.36,14.4,Chad,25,22.854821,5,,0.303,48.1,7277,1,31,91689,5.1,Developing,8.33,2002,16,43,3.039691193,11.1,11,76
0,4,0.3,14.1,Chad,26,197.3156442,4.8,,0.3,48,24908,1,26,866312,4.9,Developing,6.9,2001,16,42,26.87439074,11.3,11.2,75
28,44,0.25,13.9,Chad,36,166.231785,4.6,,0,47.6,3546,1,3,8342559,4.7,Developing,6.28,2000,16,41,21.52701616,11.5,11.4,74
0,9,7.39,58.7,Chile,96,1526.87746,0.1,92,0.797,78.9,0,1,95,16491687,14.8,Developing,6.35,2007,16,2,209.4875875,0.9,0.9,2
0,1,6.37,56.1,Chile,96,4787.699532,0.1,,0.775,77.9,1,1,96,15799542,14,Developing,7.34,2003,16,2,584.0993429,1,1,2
0,11,6.06,55.4,Chile,97,4463.545867,0.1,,0.768,77.8,0,1,97,15623635,13.9,Developing,6.48,2002,16,2,675.7808443,1,1,3
0,16,6.1,54.7,Chile,97,4595.666327,0.1,,0.761,77.3,0,1,96,15444969,13.7,Developing,6.51,2001,16,2,687.5116825,1,1,3
0,13,6.24,54,Chile,91,511.368479,0.1,,0.755,77.3,0,1,91,15262754,13.5,Developing,6.4,2000,16,2,74.14842946,1.1,1.1,3
0,11,3.04,23.4,China,87,158.668462,0.1,79,0.622,73.5,70549,1,87,129675,10.2,Developing,4.72,2004,16,360,1.58668462,5.1,4.6,427
0,13,2.96,22.6,China,86,1288.642924,0.1,75,0.61,73.1,71879,1,87,12884,9.9,Developing,4.82,2003,16,391,122.9365349,5.3,4.7,467
0,16,2.91,21.9,China,86,1148.5857,0.1,7,0.6,72.7,58341,1,86,1284,9.7,Developing,4.79,2002,16,422,106.3590358,5.5,4.9,511
0,11,2.84,21.2,China,86,153.1824,0.1,65,0.592,72.2,88962,1,86,127185,9.6,Developing,4.56,2001,16,457,14.23064496,5.7,5,558
0,15,4.28,54.2,Colombia,88,625.65544,0.1,88,0.695,73.6,0,1,88,4591897,12.8,Developing,6.76,2010,16,12,113.2436346,2.2,2,15
0,15,4.34,53.5,Colombia,92,5148.422113,0.1,92,0.691,73.6,0,1,92,45416181,12.4,Developing,7.1,2009,16,13,941.6464045,2.2,2,15
0,15,4.25,49,Colombia,92,2246.257472,0.1,92,0.659,72.4,0,1,92,42152151,11.6,Developing,5.92,2003,16,16,417.8038898,2.5,2.2,19
0,23,0.01,23.7,Comoros,87,852.954379,0.8,88,0.497,63.2,0,1,87,759385,11.1,Developing,6.75,2014,16,1,73.86584922,6.8,6.6,2
28,48,2.58,21.2,Congo,67,,6.3,,0.497,54.1,3524,1,67,,9.2,Developing,2.56,2004,16,9,0,9,8.6,13
0,16,3.58,55.5,Costa Rica,88,8199.414621,0.1,89,0.749,78.1,0,1,93,454528,13.3,Developing,9.66,2010,16,1,2377.010299,1.8,1.8,1
0,16,4.15,51.4,Costa Rica,89,5245.187372,0.1,88,0.727,78,0,1,89,438794,12.6,Developing,7.82,2006,16,1,1185.412346,2,1.9,1
0,12,4.09,49.3,Costa Rica,9,4425.57467,0.1,89,0.719,77.7,0,1,9,418738,12.2,Developing,7.8,2004,16,1,1043.10795,2.1,2,1
0,1,4.04,48.3,Costa Rica,88,4167.71417,0.1,86,0.715,78,1,1,88,4125971,12.1,Developing,8.45,2003,16,1,1070.268999,2.2,2.1,1
0,1,4.29,46.4,Costa Rica,91,3981.52847,0.1,8,0.708,77.5,0,1,92,3996798,11.7,Developing,7.25,2001,16,1,868.3713593,2.3,2.2,1
0,14,11.49,61.9,Croatia,96,13235.97757,0.1,98,0.815,77.1,2,1,96,4267558,14.6,Developed,7.8,2012,16,0,1851.713262,1.5,1.5,0
0,14,12.19,61.3,Croatia,96,14539.18421,0.1,97,0.808,77,12,1,96,428622,14.5,Developed,7.8,2011,16,0,1913.356642,1.6,1.5,0
0,16,12.1,6.6,Croatia,97,1355.74586,0.1,97,0.803,76.6,7,1,97,4417781,14.2,Developed,8.25,2010,16,0,206.8868182,1.6,1.6,0
0,19,12.21,6,Croatia,96,14157.14416,0.1,97,0.803,76.3,2,1,96,442978,14.2,Developed,8.18,2009,16,0,2160.380199,1.7,1.6,0
0,11,4.01,56.9,Cuba,96,5484.7763,0.1,96,0.782,78.1,0,1,99,,17.7,Developing,11.78,2009,16,1,818.8771016,3.4,3.2,1
0,12,4.26,56.2,Cuba,95,5376.447622,0.1,95,0.771,77.9,0,1,99,,17.1,Developing,1.79,2008,16,1,708.6157966,3.4,3.2,1
0,14,4.13,55.4,Cuba,93,5184.494227,0.1,93,0.754,78.1,0,1,99,,16,Developing,1.42,2007,16,1,750.7147641,3.4,3.2,1
0,14,4.17,54.6,Cuba,89,4669.6916,0.1,89,0.732,78,0,1,99,,14.7,Developing,7.67,2006,16,1,523.4724284,3.4,3.2,1
0,19,4.48,53.8,Cuba,89,3779.577,0.1,95,0.719,77.2,0,1,99,,14.2,Developing,9.39,2005,16,1,518.9359221,3.4,3.3,1
0,17,4.38,53,Cuba,88,339.716256,0.1,99,0.705,77.3,0,1,98,,13.2,Developing,6.14,2004,16,1,4.484254579,3.4,3.3,1
0,18,4.39,52.1,Cuba,72,3192.669378,0.1,99,0.694,77.4,0,1,98,,12.9,Developing,6.31,2003,16,1,60.34145124,3.5,3.3,1
0,19,4.1,51.3,Cuba,99,2994.339988,0.1,98,0.692,77.7,0,1,98,,12.5,Developing,6.5,2002,16,1,334.7672107,3.5,3.3,1
0,6,10.8,57.3,Cyprus,99,3215.8159,0.1,96,0.849,79.3,0,1,99,19876,14.1,Developed,7.4,2009,16,0,230.2524184,0.9,1,0
0,7,9.56,52.8,Cyprus,97,14672.8826,0.1,89,0.798,78.1,0,1,97,943286,12.5,Developed,5.77,2000,16,0,950.8027925,0.9,1,0
0,9,12.45,65.1,Czechia,98,,0.1,99,,78.2,15,1,99,,,Developed,7.49,2013,16,0,0,1.8,1.9,0
0,12,13.23,63.1,Czechia,99,,0.1,99,,77.1,5,1,99,,,Developed,7.85,2009,16,0,0,1.9,2,0
0,16,13.25,62.6,Czechia,99,,0.1,99,,77,2,1,99,,,Developed,6.82,2008,16,0,0,1.9,2,0
0,17,13.43,62.2,Czechia,99,,0.1,99,,76.8,2,1,99,,,Developed,6.52,2007,16,0,0,2,2.1,0
0,19,13.03,61.8,Czechia,98,,0.1,98,,76.5,7,1,98,,,Developed,6.69,2006,16,0,0,2,2.1,0
0,12,13.47,59.9,Czechia,98,,0.1,86,,75.3,4,1,97,,,Developed,6.8,2002,16,0,0,2.2,2.3,0
28,36,1.53,17.3,Democratic Republic of the Congo,62,,2,,,55,80123,1,62,,,Developing,3.39,2006,16,235,0,11.3,11.1,327
28,34,1.9,15.3,Democratic Republic of the Congo,3,,2.4,,,51.8,8072,1,3,,,Developing,2.67,2001,16,227,0,12.2,12.1,332
0,11,11.54,53.9,Denmark,96,4458.7764,0.1,,0.882,77.3,0,1,96,539574,16.3,Developed,9.51,2003,16,0,650.9813544,1.2,1,0
0,14,11.34,53.3,Denmark,98,33228.69291,0.1,,0.875,77,32,1,98,5375931,16.6,Developed,9.33,2002,16,0,4801.546125,1.2,1,0
0,12,11.56,52.8,Denmark,97,3751.64946,0.1,,0.862,77,11,1,97,5358783,16.2,Developed,9.1,2001,16,0,530.4832336,1.3,1,0
0,12,11.69,52.2,Denmark,97,3743.55917,0.1,,0.86,76.9,14,1,97,5339616,16.5,Developed,8.7,2000,16,0,508.7496912,1.3,1,0
28,39,1.02,3.6,Djibouti,72,965.6693779,3.7,,0.405,59.1,49,1,72,79628,4.3,Developing,7.5,2006,16,2,121.4812077,5.8,5.7,2
0,16,5.91,54.7,Dominican Republic,84,5759.643,0.7,8,0.703,73.1,2,1,84,12795,13,Developing,4.22,2011,16,6,843.7876995,3.3,3.2,7
28,28,5.71,48.2,Dominican Republic,87,3681.5993,2,87,0.668,69.7,0,1,86,9237566,12.6,Developing,4.26,2005,16,7,289.7418649,3.5,3.4,8
0,22,6.32,46.1,Dominican Republic,79,2372.628827,2.3,79,0.665,73,0,1,65,896776,12.4,Developing,5.53,2003,16,7,293.0196601,3.6,3.5,8
0,14,3.63,48.6,Ecuador,96,359.71886,0.2,94,0.696,74.7,0,1,95,1425453,12.9,Developing,5.94,2007,16,7,19.60467787,1.4,1.3,9
0,23,2.55,52.1,El Salvador,91,3366.482133,0.3,91,0.662,71.4,0,1,91,6137276,12.8,Developing,6.83,2009,16,2,416.4338399,1.7,1.6,2
0,23,2.83,5.8,El Salvador,99,334.83817,0.3,99,0.657,71.2,0,1,99,683475,12.9,Developing,6.32,2007,16,2,52.30172215,1.8,1.7,3
28,29,3.1,47.8,El Salvador,94,2519.737387,0.3,94,0.628,69.9,0,1,93,5971535,12,Developing,7.61,2003,16,3,400.1342971,2,1.9,4
0,24,2.97,47,El Salvador,81,248.4125,0.4,81,0.621,73,0,1,81,59433,11.8,Developing,7.9,2002,16,3,29.68529375,2,1.9,4
28,32,,24.5,Equatorial Guinea,16,1347.31257,4.2,16,0.582,58.2,1250,1,17,1175389,9.2,Developing,,2015,16,3,0,8.4,8.3,4
28,32,0.01,24,Equatorial Guinea,2,192.59733,4.4,2,0.582,57.9,13,1,24,1129424,9.2,Developing,3.8,2014,16,3,13.40477417,8.5,8.4,4
28,34,7.97,21.7,Equatorial Guinea,43,1653.2937,7.3,,0.59,55.7,78,1,57,99111,9.1,Developing,5.32,2009,16,3,115.0692415,9.2,9.2,4
28,34,1.07,13.9,Eritrea,96,276.75896,1.6,96,0,59.4,19,1,96,39697,5.4,Developing,2.97,2005,16,7,5.064688968,9.4,9.5,9
28,39,1.06,14.5,Ethiopia,5,243.326822,2.8,47,0.362,58.5,1446,1,61,8149,7.1,Developing,4.69,2007,16,186,30.46451811,11.3,11,286
0,19,0.01,61.9,Fiji,99,546.3728,0.1,99,0.727,69.7,0,1,99,88586,15.2,Developing,4.49,2014,16,0,50.539484,4,3.7,0
0,2,2.25,58.7,Fiji,99,3651.966784,0.1,99,0.706,69.1,0,1,99,85995,14.6,Developing,4.23,2010,16,0,62.08343533,4,3.7,0
0,23,2.31,58,Fiji,99,3369.48247,0.1,99,0.704,68.9,1,1,99,851967,14.5,Developing,4.26,2009,16,0,60.65068446,4,3.7,0
0,26,1.95,57.3,Fiji,99,4177.657789,0.1,99,0.7,68.7,0,1,99,84334,14.3,Developing,3.68,2008,16,0,81.04656111,4,3.7,0
28,29,2.09,56.6,Fiji,99,478.82327,0.1,99,0.698,68.6,0,1,99,834812,14.2,Developing,3.74,2007,16,0,5.889526221,4.1,3.8,0
0,22,1.76,53.2,Fiji,94,2835.973972,0.1,99,0.689,68,305,1,95,816628,13.3,Developing,3.35,2003,16,0,253.8196705,4.2,3.9,0
0,22,1.85,52.2,Fiji,93,2259.55796,0.1,99,0.687,67.9,304,1,94,815691,13.3,Developing,3.48,2002,16,0,206.071686,4.2,3.9,0
0,11,9.95,58.1,Finland,97,38969.17163,0.1,,0.864,78.9,1,1,97,524696,17.1,Developing,8.43,2005,16,0,4816.589613,0.9,0.8,0
0,12,9.89,57.6,Finland,98,37636.11173,0.1,,0.869,78.7,0,1,96,5228172,18.3,Developing,8.21,2004,16,0,4508.806185,0.9,0.8,0
0,1,8.94,56.1,Finland,98,24913.24452,0.1,,0.856,78,1,1,95,51888,17.7,Developing,7.43,2001,16,0,2775.33544,0.9,0.8,0
0,15,8.59,55.5,Finland,99,24253.2542,0.1,,0.847,77.5,0,1,96,517629,17.3,Developing,7.22,2000,16,0,397.7533689,0.9,0.9,0
0,11,13.78,55.8,France,97,24275.2426,0.1,29,0.851,79.2,5185,1,97,6185267,15.5,Developing,1.22,2002,16,3,3779.655273,0.7,0.6,4
0,13,13.89,55.2,France,97,22527.31775,0.1,28,0.849,79,0,1,98,61357431,15.6,Developing,9.89,2001,16,3,3451.185079,0.7,0.6,4
0,13,13.63,54.6,France,97,22465.64184,0.1,26,0.844,78.8,10000,1,98,6912498,15.7,Developing,9.77,2000,16,3,3410.284431,0.7,0.6,4
28,31,8.64,33,Gabon,76,763.66223,8,79,0.652,61.7,0,1,74,1586754,12.4,Developing,3.43,2009,16,2,52.31086276,6.7,6.5,3
28,37,7.72,3.8,Gabon,45,6741.293948,10.9,28,0.64,65,0,1,44,143126,12.4,Developing,2.76,2005,16,2,353.2438029,7.2,7.1,3
28,32,6.47,29.8,Gabon,45,4892.11618,11,,0.638,59.7,0,1,44,1328146,12.3,Developing,3.48,2003,16,2,352.232365,7.5,7.4,3
28,37,9.29,28.7,Gabon,45,3976.14887,10.1,,0.633,59.8,5129,1,44,1262259,12.3,Developing,3.23,2001,16,2,183.6980778,7.8,7.7,3
0,3,2.25,18.5,Gambia,87,,2.3,91,0.384,56.3,99,1,85,,6.8,Developing,3.71,2001,16,3,0,1,1,6
28,33,2.18,18,Gambia,8,,2,91,0.377,55.9,336,1,84,,6.5,Developing,3.61,2000,16,3,0,1.2,1.2,6
0,13,7.71,53.6,Georgia,92,4142.869175,0.1,92,0.749,74.2,31,1,93,3825,13.4,Developing,8.57,2012,16,1,158.2576025,2.6,2.8,1
0,12,8.65,49.9,Georgia,98,2492.12878,0.1,94,0.722,74.4,44,1,88,482,12.5,Developing,8.17,2007,16,1,106.164686,2.7,2.9,1
0,8,11.36,59,Germany,96,45699.19832,0.1,87,0.903,79.9,917,1,95,821197,16.6,Developed,1.39,2008,16,2,8285.264655,1.1,1.1,3
0,9,11.92,56.6,Germany,97,3359.95215,0.1,9,0.872,78.5,779,1,96,82534176,16.3,Developed,1.62,2003,16,3,582.6157028,1.1,1.1,4
28,28,1.25,23.6,Ghana,94,19.686718,2.6,94,0.519,59.9,6,1,94,227212,9.1,Developing,5.3,2007,16,41,3.181373629,7.7,7.6,61
28,34,1.46,21.8,Ghana,8,423.1936389,3.2,8,0.491,58.3,60,1,81,2986536,7.7,Developing,3.96,2004,16,41,53.23775977,8.4,8.3,62
28,38,1.53,21.2,Ghana,8,373.2815537,3.4,8,0.489,57.9,1939,1,8,2446782,7.9,Developing,3.12,2003,16,41,31.09435342,8.6,8.5,63
28,31,1.6,2.7,Ghana,78,39.484473,3.5,8,0.484,57.6,12289,1,8,19924522,7.6,Developing,3.7,2002,16,42,3.336437969,8.8,8.8,63
28,39,1.49,2.1,Ghana,79,273.6596668,3.5,,0.485,57.4,13476,1,81,1942165,8,Developing,3.56,2001,16,42,25.55981288,9,9,64
28,38,1.6,19.5,Ghana,88,263.1124679,3.6,,0.48,57.2,23068,1,88,18938762,7.7,Developing,3,2000,16,43,20.65432873,9.2,9.2,65
0,8,9.67,61.8,Greece,99,28827.32636,0.1,95,0.855,79.4,2,1,99,1148473,16.4,Developing,9.41,2007,16,0,3632.243121,0.8,0.7,0
0,15,7.84,44.7,Grenada,95,741.48438,0.1,94,0.741,72.9,0,1,95,,15.8,Developing,6.35,2011,16,0,11.56715633,3.8,3.8,0
0,19,2.21,45.9,Guatemala,95,2794.22189,0.4,95,0.589,79,0,1,96,146366,10.4,Developing,6.65,2008,16,13,472.2234994,1.3,1.3,15
0,24,2.38,44.5,Guatemala,89,2256.56724,0.4,89,0.57,69.7,0,1,9,133978,9.8,Developing,7.7,2006,16,14,352.0244894,1.4,1.4,17
28,28,2.35,43.8,Guatemala,87,277.83438,0.4,87,0.567,69.2,0,1,87,139628,9.6,Developing,6.79,2005,16,14,41.50845637,1.4,1.4,18
0,21,2.4,43.1,Guatemala,87,1872.73783,0.4,,0.564,69.6,0,1,88,12796925,9.3,Developing,6.77,2004,16,15,288.4016258,1.4,1.4,18
0,24,2.45,42.4,Guatemala,84,1753.349471,0.4,,0.56,69.4,0,1,84,125478,9,Developing,6.88,2003,16,15,249.3262948,1.4,1.4,19
0,21,2.41,41.7,Guatemala,82,171.771491,0.3,,0.553,69.3,0,1,82,1228848,8.8,Developing,6.71,2002,16,16,25.25040918,1.5,1.5,20
28,29,0.22,21.2,Guinea,63,459.2912,2,63,0.385,58.1,11,1,63,113517,8.4,Developing,4.73,2011,16,28,42.2547904,8,8,43
28,33,0.21,19.8,Guinea,6,437.4467238,2.3,57,0.371,56.8,89,1,59,1323142,7.9,Developing,3.21,2008,16,30,19.68510257,8.6,8.6,47
28,36,0.19,19.4,Guinea,63,49.456775,2.4,57,0.364,56.4,3,1,46,196727,7.6,Developing,3.8,2007,16,31,1.399626733,8.9,8.8,48
28,32,2.98,21.3,Guinea-Bissau,74,481.694976,5.7,,0.394,55,1,1,76,1445958,8.8,Developing,6.1,2007,16,5,31.06932595,8.7,8.6,7
28,36,3.22,2.7,Guinea-Bissau,71,418.94454,5.6,,0.388,54.4,0,1,74,1412669,8.3,Developing,5.87,2006,16,5,21.53374936,8.9,8.8,8
28,37,3.1,2.1,Guinea-Bissau,68,424.9534585,5.4,,0,53.9,0,1,73,138838,8,Developing,5.72,2005,16,5,22.09757984,9.2,9,8
28,38,2.58,19.6,Guinea-Bissau,64,393.3138244,5,,0,53.5,3526,1,69,135345,7.7,Developing,5.41,2004,16,5,13.52999556,9.4,9.3,8
28,38,2.16,19,Guinea-Bissau,6,36.5718585,4.6,,0,53,1158,1,65,132122,7.4,Developing,5.62,2003,16,5,2.527115422,9.6,9.5,8
28,35,2.47,18.5,Guinea-Bissau,57,321.481324,4.1,,0,52.8,298,1,61,1293523,7.1,Developing,5.84,2002,16,5,24.65761755,9.8,9.7,8
28,32,2.55,17.9,Guinea-Bissau,53,39.486749,3.6,,0,52.5,126,1,56,1267512,6.7,Developing,5.4,2001,16,5,0.868708478,1,1,9
0,3,2.84,17.4,Guinea-Bissau,49,297.7519443,3.1,,0,52.1,0,1,52,1243229,6.4,Developing,4.94,2000,16,5,6.699418747,1.2,1.2,9
0,22,7.57,44.1,Guyana,97,3785.935665,0.3,97,0.63,65.8,0,1,97,75391,10.6,Developing,6.57,2012,16,0,497.4719464,5.6,5.3,1
0,24,7.04,39.6,Guyana,93,1945.6395,1.1,93,0.622,65.2,0,1,92,74961,11.7,Developing,4.67,2006,16,1,170.6325842,5.7,5.5,1
0,24,,49.9,Haiti,6,814.5463952,0.5,6,0.49,63.5,0,1,56,171161,9.1,Developing,,2015,16,14,0,3.9,3.9,18
28,28,6.18,39.6,Haiti,6,55.47626,3.3,,0.455,61.1,0,1,61,949457,8.3,Developing,5.7,2006,16,17,6.995556386,4.3,4.3,23
28,29,5.57,38.5,Haiti,6,465.311876,3.9,,0.452,65,0,1,6,926344,8.2,Developing,4.41,2005,16,17,38.10904264,4.4,4.4,24
28,32,6.1,37.5,Haiti,55,387.9429725,4.3,,0.45,58.7,0,1,58,9119178,8.1,Developing,5.61,2004,16,18,64.39853344,4.5,4.5,24
0,3,6.64,36.5,Haiti,53,329.782946,4.6,,0.447,59.7,0,1,56,8976552,8.1,Developing,5.32,2003,16,18,44.25687135,4.5,4.6,25
28,33,6.1,35.6,Haiti,48,393.16327,4.8,,0.444,59.3,0,1,54,8834733,8,Developing,5.47,2002,16,19,50.28558223,4.6,4.7,26
28,35,6.22,34.8,Haiti,45,413.7383164,5,,0.443,58.9,159,1,52,8692567,7.9,Developing,5.63,2001,16,19,60.77815868,4.7,4.7,27
28,35,4.79,34,Haiti,41,462.486524,5.1,,0.439,58.6,992,1,5,85492,7.8,Developing,6.6,2000,16,20,74.46033036,4.8,4.8,28
0,15,3.11,49.3,Honduras,97,2136.77395,0.4,97,0.614,74.3,0,1,97,8657785,11.6,Developing,9.15,2013,16,4,311.7553193,2.2,2.1,4
0,16,3.16,44.3,Honduras,94,1592.572182,0.7,93,0.59,73,0,1,94,777972,10.9,Developing,7.89,2007,16,5,222.4823338,2.4,2.3,6
0,15,11.51,62.4,Hungary,99,1448.87958,0.1,,0.821,74.8,5,1,99,9971727,15.4,Developed,7.84,2011,16,0,17.82121883,1.7,1.7,1
0,18,13.28,58.2,Hungary,99,1259.5266,0.1,,0.793,72.9,0,1,99,117146,15.3,Developed,8.8,2004,16,1,146.8608016,2.1,2.1,1
0,5,7.31,6.2,Iceland,91,4781.3888,0.1,,0.907,82.4,0,1,91,323764,19,Developed,8.75,2013,16,0,764.5440691,1,0.9,0
0,5,7.81,59.7,Iceland,89,44333.8518,0.1,,0.901,82.5,0,1,89,32716,18.7,Developed,8.68,2012,16,0,6818.546407,1,0.9,0
0,7,6.61,55.4,Iceland,95,31996.2172,0.1,,0.859,84,0,1,95,287523,17.2,Developed,9.86,2002,16,0,5948.096777,1,0.9,0
0,19,3.1,17,India,82,1446.98541,0.2,73,0.59,67.3,18668,1,79,126365852,11.3,Developing,4.39,2012,16,1100,64.96964491,26.9,27.6,1400
0,2,2.5,15.4,India,74,19.317765,0.2,37,0.563,66,56188,1,73,121427132,10.5,Developing,4.38,2009,16,1300,0.844186331,27,27.8,1700
0,23,1.93,14.9,India,7,991.484634,0.3,29,0.556,65.5,44258,1,69,119714696,10.2,Developing,4.34,2008,16,1300,43.03043312,27,27.9,1800
0,26,1.59,14.4,India,64,118.166373,0.3,6,0.546,65.2,41144,1,67,1179681239,9.9,Developing,4.23,2007,16,1400,5.234770324,27.1,28,1900
28,28,1.37,13.9,India,65,792.259698,0.3,6,0.536,64.8,64185,1,66,1161977719,9.7,Developing,4.25,2006,16,1500,34.85942671,27.1,28,2000
0,19,0.06,2.5,Indonesia,73,1855.93915,0.2,76,0.638,67.5,19456,1,77,232989141,11,Developing,3.1,2007,16,154,102.633435,1.8,1.7,188
0,19,0.06,19,Indonesia,72,126.928834,0.1,65,0.629,67.2,15853,1,79,22671273,11.1,Developing,2.79,2005,16,163,5.381782562,1.9,1.9,201
0,16,0.03,53.6,Iran (Islamic Republic of),99,,0.1,99,0.735,74.1,538,1,99,,12.9,Developing,8.2,2010,16,22,0,7.8,8,26
0,15,0.01,44.9,Iran (Islamic Republic of),99,,0.1,99,0.66,73,11874,1,99,,11.6,Developing,4.47,2000,16,35,0,7.8,7.9,43
0,17,0.01,57.8,Iraq,68,6925.22446,0.1,66,0.659,69.5,669,1,7,33883145,10.3,Developing,5.92,2013,16,32,447.3695001,5.3,5.1,39
28,29,0.18,52.5,Iraq,65,1849.63911,0.1,65,0.628,66.8,908,1,69,278426,10.1,Developing,4.13,2005,16,31,59.18845152,5.4,5.2,37
0,21,0.32,51.9,Iraq,74,1391.816923,0.1,62,0.603,67.2,9081,1,69,2631669,9.8,Developing,5.61,2004,16,30,44.12059646,5.4,5.2,37
0,14,0.15,5.6,Iraq,77,,0.1,65,0.614,74,0,1,76,24939299,9.1,Developing,,2002,16,30,0,5.5,5.3,37
0,7,11.72,59.7,Ireland,95,52567.52568,0.1,95,0.909,84,285,1,95,4576794,18.5,Developed,8.15,2011,16,0,6386.95437,0.3,0.2,0
0,6,2.62,64.6,Israel,95,37582.84624,0.1,97,0.895,82.2,6,1,95,82157,16,Developing,7.81,2014,16,1,4348.33531,1.2,1.1,1
0,6,2.78,63.8,Israel,94,32569.59683,0.1,97,0.889,81.8,211,1,94,7915,15.9,Developing,7.73,2012,16,1,3830.184587,1.2,1.1,1
0,6,7.49,62.1,Italy,97,34814.12436,0.1,96,0.877,82,376,1,96,59539717,16.6,Developed,9.28,2012,16,2,4793.904924,0.5,0.6,2
0,6,6.98,61.5,Italy,96,38334.68477,0.1,96,0.872,82,5189,1,96,59379449,16.4,Developed,9.27,2011,16,2,5439.691769,0.5,0.5,2
0,6,6.95,61,Italy,96,35849.37364,0.1,96,0.869,81.8,372,1,96,59277417,16.4,Developed,9.42,2010,16,2,5219.668802,0.5,0.5,2
0,15,3.63,47.2,Jamaica,95,4313.1682,1.5,97,0.709,74,0,1,99,276279,12.5,Developing,4.22,2006,16,1,194.092569,1.9,1.7,1
0,7,7.83,23.4,Japan,97,3488.3992,0.1,,0.863,81.9,8286,1,97,127718,14.8,Developed,8,2003,16,3,578.7254273,1.7,1.4,5
0,7,7.87,22.9,Japan,96,32289.3554,0.1,,0.86,81.8,33812,1,89,127445,14.7,Developed,7.85,2002,16,3,5250.249188,1.7,1.4,5
0,12,0.6,59.3,Jordan,98,2762.86354,0.1,98,0.736,73,41,1,98,6193191,13.6,Developing,8.35,2007,16,4,373.2628643,3.8,3.8,4
0,22,6.29,52.3,Kazakhstan,95,1286.56511,0.1,95,0.789,69.9,321,1,95,17289224,15,Developing,4.36,2014,16,5,24.44473709,2.4,2.5,5
28,28,6.48,51.4,Kazakhstan,98,1389.8561,0.1,99,0.782,69.5,73,1,98,1735275,15,Developing,4.3,2013,16,5,26.4072659,2.4,2.5,6
0,2,0.01,77.1,Kiribati,75,1684.54274,0.1,75,0.597,66.1,0,1,79,11458,11.9,Developing,1.21,2014,16,0,97.87193319,0.1,0.1,0
0,22,0.01,76.7,Kiribati,95,1724.361737,0.1,95,0.589,65.8,0,1,91,18535,11.9,Developing,1.15,2013,16,0,137.2591943,0.1,0.1,0
0,24,0.01,76.2,Kiribati,94,1763.815497,0.1,94,0.581,65.7,0,1,92,16613,11.9,Developing,1.37,2012,16,0,147.4549755,0.1,0.1,0
0,26,0.53,75.7,Kiribati,99,1692.613277,0.1,95,0.585,65.5,0,1,95,14656,11.9,Developing,1.42,2011,16,0,30.46703899,0.1,0.1,0
0,27,0.48,75.2,Kiribati,91,1493.1651,0.1,91,0.584,65.3,0,1,95,12652,11.9,Developing,1.52,2010,16,0,18.21661422,0.1,0.1,0
28,28,0.54,74.6,Kiribati,86,1297.285141,0.1,86,0.576,65.2,0,1,84,1568,11.9,Developing,12.24,2009,16,0,162.2903711,0.1,0.1,0
0,21,0.46,74.1,Kiribati,82,1413.3234,0.1,83,0.572,65.1,0,1,74,9844,11.6,Developing,12.23,2008,16,0,167.6201552,0.2,0.1,0
0,9,0.01,66.3,Kuwait,99,3549.26132,0.1,99,0.789,73.6,10,1,99,,14.2,Developing,2.38,2005,16,0,239.5751391,3.2,3.1,1
0,17,0.01,43.9,Kyrgyzstan,96,,0.1,96,0.656,78,318,1,95,,12.8,Developing,6.48,2014,16,3,0,3.3,3.4,4
0,18,0.01,42.2,Kyrgyzstan,96,,0.1,96,0.638,69.9,0,1,94,,12.3,Developing,6.97,2012,16,3,0,3.2,3.3,4
0,21,2.39,4.1,Kyrgyzstan,95,,0.1,96,0.629,68.5,1,1,96,,12.4,Developing,6.79,2009,16,4,0,3.3,3.4,4
0,23,0.01,2.1,Lao People's Democratic Republic,87,,0.3,87,0.563,64.9,71,1,86,,10.4,Developing,2,2013,16,9,0,9,9.1,12
28,28,0.01,19.4,Lao People's Democratic Republic,79,,0.3,79,0.554,64.4,32,1,78,,10.2,Developing,2.12,2012,16,9,0,9.1,9.2,12
0,24,3.69,15.5,Lao People's Democratic Republic,57,,0.2,57,0.503,61.5,58,1,56,,9,Developing,4.14,2006,16,11,0,9.9,9.9,15
0,18,9.8,58.9,Latvia,92,11326.21947,0.1,91,0.815,72.8,0,1,92,297555,16,Developed,6.55,2010,16,0,1109.969508,2.2,2.3,0
0,26,8.81,56.6,Latvia,99,6351.8125,0.1,98,0.776,71,0,1,99,2263122,15.5,Developed,6.51,2004,16,0,80.0328375,2.5,2.6,0
28,29,8.24,56.3,Latvia,98,5134.95694,0.1,98,0.761,78,0,1,98,2287955,15.2,Developed,6.15,2003,16,0,478.0644911,2.6,2.6,0
0,1,1.82,61.4,Lebanon,78,5372.65899,0.1,78,0.733,74.1,956,1,75,45735,13.2,Developing,8.83,2006,16,1,534.5795695,4.7,4.6,1
0,11,1.94,6.8,Lebanon,77,5339.441291,0.1,77,0,73.9,618,1,74,3986852,13.7,Developing,8.42,2005,16,1,630.0540723,4.7,4.6,1
0,13,2.1,6.2,Lebanon,75,5424.22356,0.1,75,0,73.7,213,1,74,3863267,14.2,Developing,8.91,2004,16,1,618.3614858,4.7,4.6,1
0,15,2.19,59.7,Lebanon,74,5425.6697,0.1,74,0,73.5,526,1,74,371464,14.8,Developing,9.3,2003,16,1,527.9176618,4.8,4.7,1
0,17,1.98,59.1,Lebanon,77,5436.595223,0.1,77,0,73.2,36,1,77,3522837,15.2,Developing,1.5,2002,16,1,70.13207838,4.8,4.7,1
0,11,2.19,58.6,Lebanon,8,5253.122599,0.1,8,0,73,8,1,8,3359859,15,Developing,1.9,2001,16,1,510.6035166,4.9,4.7,1
28,52,2.39,3.2,Lesotho,96,1352.38433,10.5,96,0.469,52.3,172,1,95,264166,11,Developing,11.79,2011,16,4,195.825251,6.8,6.6,6
28,32,4.05,22.4,Liberia,6,178.92799,3,,0.377,56.7,20,1,66,3375838,10,Developing,1.9,2006,16,11,15.79934152,8.1,8.1,15
28,42,4.21,21.1,Liberia,35,133.494518,3.2,,0.373,50,142,1,49,3116233,10.3,Developing,3.44,2003,16,13,9.758449266,8.7,8.7,18
28,39,4.46,2.2,Liberia,46,183.4149991,3.1,,0.338,51.9,5977,1,56,2884522,8.7,Developing,5.91,2000,16,14,12.19709744,9.2,9.2,20
0,18,12.66,6.5,Lithuania,92,14357.73679,0.1,95,0.826,72.8,7,1,92,328115,16.7,Developed,6.86,2011,16,0,1758.822757,2.7,2.8,0
0,24,13.4,59,Lithuania,95,12297.91535,0.1,96,0.812,72,0,1,95,3231294,16.4,Developed,6.22,2007,16,0,1581.511914,2.9,3,0
0,24,12.1,58.1,Lithuania,94,676.966998,0.1,94,0.792,71.6,1,1,9,337775,16.3,Developed,5.67,2004,16,0,76.36187737,3.1,3.1,0
0,22,11.29,57.8,Lithuania,94,555.535669,0.1,95,0.78,71.6,1,1,91,3415213,15.8,Developed,6.46,2003,16,0,80.99710054,3.2,3.2,0
0,22,11,57.5,Lithuania,95,4146.987928,0.1,94,0.77,71.4,103,1,97,344367,15.3,Developed,6.4,2002,16,0,561.9168642,3.3,3.3,0
0,21,10.2,57.2,Lithuania,95,353.147337,0.1,95,0.757,71.2,7,1,97,347818,14.7,Developed,6.26,2001,16,0,42.87208671,3.3,3.3,0
0,2,9.87,56.9,Lithuania,94,3297.35471,0.1,98,0.745,71.6,19,1,92,3499536,14,Developed,6.46,2000,16,0,373.2605532,3.4,3.4,0
0,7,11.34,6.1,Luxembourg,99,16749.136,0.1,94,0.892,81.1,2,1,99,53946,13.9,Developed,7.18,2012,16,0,2284.58215,0.9,0.9,0
0,8,11.53,58.4,Luxembourg,99,114293.8433,0.1,94,0.887,80,1,1,96,48865,13.5,Developed,7.34,2008,16,0,18961.3486,0.9,0.9,0
0,9,11.84,57,Luxembourg,99,8289.69641,0.1,95,0.874,78.8,0,1,99,465158,13.5,Developed,7.95,2005,16,0,1346.246697,1,0.9,0
0,22,,2.5,Madagascar,69,41.8575951,0.3,69,0.511,65.5,3,1,71,2423488,10.3,Developing,,2015,16,28,0,7.1,7.1,38
0,23,0.87,19.5,Madagascar,74,461.723722,0.4,74,0.508,64.7,6,1,73,22961146,10.3,Developing,4.15,2013,16,29,79.50882493,7.3,7.2,40
28,42,0.01,18.4,Malawi,96,374.51882,8.3,96,0.454,55.3,11,1,95,169735,10.7,Developing,12.6,2012,16,31,82.76865922,6.6,6.5,46
56,66,1.04,15.9,Malawi,93,28.3673842,22.4,93,0.371,46,184,1,94,1339711,9.7,Developing,8.2,2005,16,39,5.670640102,7.4,7.2,62
56,67,1.1,14.8,Malawi,64,29.9798977,24.7,64,0.388,44,92,1,79,1213711,10.4,Developing,4.82,2002,16,46,3.885394742,7.7,7.6,75
0,13,0.51,36.3,Malaysia,96,145.1262,0.1,96,0.774,74.3,1569,1,96,28635128,13,Developing,3.89,2011,16,3,9.23002632,8,7.8,4
0,14,0.49,27.9,Malaysia,94,4167.364387,0.1,95,0.723,72.9,408,1,94,24198811,12,Developing,3.4,2002,16,4,216.7029481,9.5,9.3,4
0,16,1.6,17.3,Maldives,96,3853.33348,0.1,97,0.617,73.4,37,1,96,312,12.2,Developing,5.89,2004,16,0,611.9093566,14.5,14.6,0
0,27,0.01,21.9,Mali,66,777.3476868,1.5,66,0.411,57.2,341,1,72,16667,7.7,Developing,6.47,2012,16,53,96.5465827,8.3,8.1,88
28,29,0.55,18,Mali,77,487.942556,1.9,83,0.338,53.6,33,1,78,12798763,5.8,Developing,6.34,2005,16,57,60.21211141,9.9,9.7,101
28,31,0.53,16.5,Mali,61,334.22416,2.3,,0.308,51.2,717,1,65,11638929,4.9,Developing,6.32,2002,16,60,3.67646576,1.5,1.5,108
28,34,0.51,16.1,Mali,49,36.8473237,2.4,,0.297,55,4464,1,56,11293258,4.6,Developing,6.39,2001,16,60,4.395885717,1.8,1.7,110
28,37,0.47,15.6,Mali,43,269.3483829,2.5,,0.291,49.8,1578,1,53,196769,4.4,Developing,6.29,2000,16,60,23.94507124,11,1.9,111
0,8,5.59,62.3,Malta,94,1139.5651,0.1,,0.779,77.5,2,1,94,3987,13.8,Developed,6.83,2000,16,0,134.3547253,0.8,0.7,0
0,25,,3.8,Mauritania,73,1158.256469,0.9,73,0.513,63.1,1,1,67,4182341,8.5,Developing,,2015,16,8,0,7.8,7.5,12
0,26,0.01,3.1,Mauritania,84,1326.66882,0.9,84,0.509,63,14,1,84,46392,8.5,Developing,3.77,2014,16,8,80.92679802,8,7.7,12
28,28,0.01,29.4,Mauritania,8,145.57838,1.1,8,0.501,62.7,62,1,8,394617,8.2,Developing,3.63,2013,16,8,8.88028118,8.1,7.9,12
28,29,0.01,28.8,Mauritania,8,1364.283745,1.2,8,0.491,62.5,35,1,8,383239,7.8,Developing,3.36,2012,16,8,62.48419552,8.3,8.1,12
0,23,0.03,21.1,Mauritania,51,477.476124,1.1,,0.443,60,0,1,58,279359,6.4,Developing,5.26,2000,16,7,8.594570232,1.9,1.7,11
0,12,5.23,62.1,Mexico,83,1298.86766,0.1,82,0.753,76.6,0,1,83,122535969,12.9,Developing,6.3,2013,16,32,150.408875,1.6,1.5,37
0,13,5.27,59.4,Mexico,95,7748.12331,0.1,95,0.738,75.7,0,1,95,11555228,12.5,Developing,6.6,2009,16,36,881.7364327,1.7,1.6,42
0,18,3.15,62.8,Micronesia (Federated States of),92,,0.1,89,0.612,67.5,0,1,88,,10.4,Developing,9.69,2003,16,0,0,0.2,0.2,0
0,21,2.78,62.4,Micronesia (Federated States of),84,,0.1,85,0.608,66.2,0,1,84,,10.2,Developing,8.2,2002,16,0,0,0.2,0.2,0
0,25,5.8,46.9,Mongolia,96,265.353659,0.1,96,0.693,66.3,7,1,96,271265,14.3,Developing,4.7,2010,16,1,22.31624272,2.2,2.3,2
0,26,3.79,43.9,Mongolia,95,1634.81431,0.1,98,0.661,65.9,12,1,99,259167,13,Developing,5.6,2007,16,2,126.698109,2.2,2.4,2
0,16,,61.8,Montenegro,89,6461.192554,0.1,82,0.804,76.1,0,1,89,622159,15.1,Developing,,2015,16,0,0,1.8,1.8,0
0,17,0.01,61.3,Montenegro,91,7378.345289,0.1,87,0.803,75.9,0,1,91,62181,15.1,Developing,6.42,2014,16,0,726.0291764,1.8,1.9,0
0,19,0.01,6.7,Montenegro,94,7186.429787,0.1,9,0.799,75.8,0,1,94,62127,15.1,Developing,6.43,2013,16,0,707.144691,1.8,1.9,0
0,11,0.01,6.2,Montenegro,94,6586.71929,0.1,9,0.797,75.6,0,1,94,6261,15.1,Developing,7.25,2012,16,0,648.1331781,1.9,1.9,0
0,13,5.38,56.5,Montenegro,9,4383.59597,0.1,9,0.751,73.8,0,1,9,61525,13.2,Developing,8.1,2006,16,0,595.7306923,2.2,2.2,0
0,14,0.54,54.6,Morocco,99,339.91616,0.1,98,0.612,73.3,982,1,98,32858823,11.2,Developing,5.99,2011,16,19,22.0945504,6.3,6.2,22
0,11,0.56,53.6,Morocco,99,2834.2472,0.1,98,0.603,72.8,633,1,99,3249639,10.7,Developing,5.86,2010,16,20,183.6592186,6.3,6.2,23
0,15,0.46,46.5,Morocco,94,1413.757176,0.1,92,0.54,69.5,6000,1,94,29512368,8.8,Developing,5.31,2002,16,25,66.72933871,6.6,6.5,29
0,16,0.45,44.8,Morocco,95,1332.382358,0.1,43,0.519,68.6,7368,1,95,28849621,8,Developing,4.18,2000,16,27,63.42140024,6.7,6.6,32
28,46,1.16,21.8,Mozambique,78,65.985681,5.1,78,0.405,55.3,8,1,78,26434372,9.1,Developing,5.9,2013,16,62,5.813338496,3.6,3.5,87
28,48,1.19,21.3,Mozambique,76,566.513873,6.9,76,0.4,54.8,145,1,73,2567666,9.2,Developing,5.58,2012,16,64,49.90987221,3.6,3.5,90
28,47,0.94,2.9,Mozambique,76,526.5313517,9.6,76,0.397,54.3,177,1,73,249395,9.5,Developing,6.23,2011,16,66,40.80617976,3.7,3.6,94
28,47,0.96,2.5,Mozambique,74,419.2258149,10.8,74,0.39,54,2321,1,73,2422145,9.3,Developing,5.38,2010,16,69,5.743393664,3.7,3.6,98
0,4,1.18,2.1,Mozambique,74,463.852618,11.3,74,0.382,53.8,60,1,74,2352463,9.2,Developing,5.43,2009,16,70,39.75216936,3.7,3.6,101
28,45,1.48,19.7,Mozambique,75,53.127719,12.6,75,0.372,53.2,4,1,74,22846758,8.8,Developing,4.91,2008,16,72,0.796915785,3.7,3.7,104
28,48,2.09,16.9,Mozambique,73,256.4414872,13.4,25,0.298,49.5,7085,1,72,18588758,5.8,Developing,5.64,2001,16,90,37.82511936,4.1,4,132
28,43,1.14,16.5,Mozambique,7,277.6486591,12.2,,0.291,49,7375,1,69,1867687,5.4,Developing,6.16,2000,16,93,47.17250718,4.2,4.1,136
0,21,0.01,22.9,Myanmar,88,1262.893782,0.3,88,0.547,66.4,122,1,88,51924182,9.1,Developing,2.28,2014,16,40,45.33788677,12.9,13.1,52
0,22,0.7,22.1,Myanmar,75,1168.83947,0.4,75,0.54,66.2,1010,1,76,51448196,9.1,Developing,2.16,2013,16,42,38.33793462,12.9,13.2,55
0,25,0.55,21.3,Myanmar,84,1171.58257,0.5,58,0.533,65.9,2175,1,87,5986514,9.1,Developing,2.22,2012,16,44,38.4279083,13,13.2,58
0,27,0.33,2.5,Myanmar,84,1186.423937,0.5,4,0.526,65.6,2046,1,9,555331,9.1,Developing,1.87,2011,16,47,21.23698847,13,13.3,61
28,29,0.3,19.8,Myanmar,9,987.7365832,0.5,92,0.515,65.4,190,1,9,5155896,8.8,Developing,1.92,2010,16,49,17.48293752,13.1,13.3,65
0,22,0.28,17,Myanmar,82,296.97284,0.6,75,0.474,64.2,760,1,82,48846474,8,Developing,1.78,2006,16,61,4.632776304,13.2,13.5,83
28,36,7.99,31,Namibia,83,4153.497885,8.7,,0.598,62.4,4076,1,83,21374,11.4,Developing,8.5,2009,16,3,575.6748069,1.9,1.9,4
28,41,5.73,24.5,Namibia,79,257.99557,22.8,,0.559,57.4,469,1,8,1899257,11.5,Developing,6.11,2000,16,3,35.80978512,15.7,15.9,4
0,21,0.2,14.4,Nepal,89,348.6314534,0.2,69,0.476,66,2838,1,91,2594618,9.6,Developing,5.7,2006,16,31,45.87989927,17.4,18,41
28,28,0.2,13.9,Nepal,75,317.89198,0.2,41,0.469,65.4,5023,1,78,2564287,9.4,Developing,5.72,2005,16,33,4.259752532,17.6,18.2,44
0,22,0.2,12.9,Nepal,78,253.72412,0.1,2,0.457,64.3,13344,1,76,2495623,9.2,Developing,5.48,2003,16,38,2.79096532,18,18.6,50
0,23,0.09,11.9,Nepal,72,248.6183539,0.1,,0.446,63.2,10849,1,73,24161777,9,Developing,5.36,2001,16,43,21.92813881,18.3,19,58
0,6,8.68,61,Netherlands,97,51574.48942,0.1,51,0.922,81.4,2632,1,97,1684432,18.1,Developed,11.4,2013,16,1,1475.030397,1,0.9,1
0,8,9.56,54.2,Netherlands,98,35245.1647,0.1,,0.881,78.7,4,1,98,1622532,16.5,Developed,8.46,2003,16,1,4472.6114,1.1,1,1
0,7,9.2,65.9,New Zealand,93,3997.25624,0.1,93,0.904,81.1,68,1,93,,19.5,Developed,11.53,2012,16,0,924.5653683,0.3,0.3,0
0,17,3.69,47.1,Nicaragua,88,124.992617,0.3,88,0.597,73,0,1,88,545211,11,Developing,6.33,2006,16,3,21.41123529,2,1.9,4
0,22,,19.3,Niger,65,358.99731,0.4,65,0.351,61.8,7693,1,65,19896965,5.4,Developing,,2015,16,49,0,9.6,9.4,87
28,28,0.1,14.6,Niger,41,215.8548,1.6,,0.266,52.1,54190,1,44,1265687,3,Developing,6.23,2003,16,56,20.26876572,12.3,12.2,121
0,4,9.71,19.3,Nigeria,36,87.8938738,5.4,18,0.463,49.2,110927,1,45,138939478,8.9,Developing,4.11,2005,16,556,6.416252787,12.9,12.9,893
28,47,9.76,18.8,Nigeria,33,648.815852,5.4,,0.445,48.5,31521,1,43,135393616,8.5,Developing,4.33,2004,16,563,57.22555815,13.2,13.2,907
28,41,9.75,18.3,Nigeria,29,512.65719,5.4,,0,48.1,141258,1,42,131972533,8.1,Developing,4.5,2003,16,567,30.19550849,13.5,13.6,918
28,49,9.61,17.8,Nigeria,25,459.4572117,5.3,,0,47.7,42007,1,4,12866671,7.7,Developing,2.43,2002,16,571,17.137754,13.8,13.8,928
28,48,9.58,17.3,Nigeria,27,351.7996666,5.1,,0,47.4,168107,1,36,125463434,8,Developing,3.25,2001,16,574,15.830985,14.1,14.1,936
28,45,9.23,16.9,Nigeria,29,379.1193264,4.9,,0,47.1,212183,1,31,1223529,7.6,Developing,2.84,2000,16,576,22.48177606,14.3,14.4,943
0,7,6.47,57,Norway,94,74114.69715,0.1,,0.931,84,0,1,94,466677,17.5,Developed,8.43,2006,16,0,12829.25408,0.8,0.7,0
0,11,0.4,53.5,Oman,99,2458.45226,0.1,99,0.796,76.4,0,1,99,,13.7,Developing,3.55,2014,16,1,166.1913728,7.1,6.9,1
0,12,0.46,52.8,Oman,98,21268.7564,0.1,98,0.796,76.2,0,1,99,,13.7,Developing,2.76,2013,16,1,1154.893473,7,6.8,1
0,14,0.51,52.3,Oman,98,22134.916,0.1,98,0.797,76,13,1,99,,13.7,Developing,2.52,2012,16,1,1055.835493,7,6.8,1
0,15,0.54,52,Oman,99,2986.36,0.1,99,0.797,75.8,5,1,99,,13.6,Developing,2.49,2011,16,1,158.27708,6.9,6.8,1
0,16,0.56,51.8,Oman,99,1928.74739,0.1,99,0.797,75.6,3,1,99,,13.5,Developing,2.74,2010,16,1,129.2260751,6.9,6.8,1
0,18,0.56,51.5,Oman,98,16784.34616,0.1,98,0.782,75.4,19,1,96,,12.4,Developing,2.83,2009,16,1,1040.629462,6.9,6.8,1
0,19,0.57,51.1,Oman,99,2275.3536,0.1,99,0.765,75.2,18,1,97,,11.9,Developing,2.1,2008,16,1,123.0966298,6.9,6.8,1
0,13,0.54,47.3,Oman,99,8629.11774,0.1,99,0.716,73.3,5,1,99,,11,Developing,3.18,2002,16,1,585.9170945,7.1,6.8,1
0,2,0.04,18.9,Pakistan,77,711.4699463,0.1,7,0.487,62.9,2981,1,78,15399667,6.1,Developing,2.91,2005,16,364,30.59320769,21.2,21.7,459
0,19,0.02,16.4,Pakistan,62,533.8624114,0.1,,0.445,62.8,2064,1,65,138523285,5.3,Developing,2.79,2000,16,385,18.84534312,22.2,22.6,495
0,12,6.95,55.6,Panama,85,1589.82713,0.1,85,0.765,77.2,0,1,87,3772938,12.8,Developing,7.25,2012,16,1,201.7490628,1.9,1.9,1
28,29,0.81,43.4,Papua New Guinea,63,1178.72469,1.3,59,0.469,61.4,0,1,76,6787187,8.9,Developing,4.6,2008,16,11,103.7277727,1.4,1.3,14
28,37,0.84,41.1,Papua New Guinea,72,77.5773486,1.5,63,0.446,64,1222,1,61,631479,7.9,Developing,6.42,2005,16,11,12.05551997,1.4,1.4,15
0,15,5.79,47.1,Paraguay,89,3988.11894,0.1,89,0.675,73.4,0,1,84,6293783,12.3,Developing,9.42,2011,16,3,472.1932825,2.1,2,3
0,17,6.66,39.8,Paraguay,89,1417.26582,0.1,,0.624,71.2,0,1,9,546624,11.8,Developing,7.61,2001,16,4,233.8488603,2.5,2.4,5
0,14,4.72,52.2,Peru,93,522.493191,0.2,93,0.708,73.7,0,1,92,29373646,13.3,Developing,5.3,2010,16,10,69.43934508,1.1,1.1,12
0,14,4.69,51.5,Peru,93,4166.93387,0.3,93,0.706,73.8,0,1,92,29157,13.3,Developing,5.36,2009,16,10,570.4532468,1.2,1.2,13
0,12,10.71,61.1,Poland,98,14341.675,0.1,96,0.85,77.3,0,1,94,3811735,16.4,Developed,6.35,2014,16,2,243.808475,1.9,2.1,2
0,12,11.63,6.4,Poland,99,1378.54911,0.1,96,0.838,77.1,84,1,95,384196,15.4,Developed,6.4,2013,16,2,23.43533487,2,2.1,2
0,13,10.59,58.4,Poland,99,12599.52486,0.1,98,0.822,76.3,13,1,96,3842794,15.1,Developed,6.88,2010,16,2,220.4916851,2.1,2.2,2
0,14,11.4,57.2,Poland,99,141.44688,0.1,98,0.813,75.5,0,1,96,38125759,15,Developed,6.88,2008,16,2,15.71474837,2.2,2.3,3
0,9,12.03,57.3,Portugal,96,2363.97161,0.1,96,0.809,79.3,3,1,96,1568247,16,Developed,1.42,2009,16,0,337.1023516,0.7,0.5,0
0,11,13.33,54.1,Portugal,93,18784.9485,0.1,94,0.79,77.7,7,1,93,15333,15.4,Developed,9.98,2005,16,0,2813.985285,0.7,0.6,1
0,15,14.21,52.5,Portugal,99,15772.7334,0.1,94,0.789,77.3,8,1,96,1458821,15.8,Developed,9.54,2003,16,0,2283.891796,0.7,0.6,1
0,17,12,51.7,Portugal,98,12882.28897,0.1,82,0.788,77.2,8,1,96,1419631,15.9,Developed,9.15,2002,16,1,1904.00231,0.8,0.6,1
0,11,12.22,5.9,Portugal,97,11729.14616,0.1,7,0.782,76.9,0,1,96,1362722,15.7,Developed,9.1,2001,16,1,1657.328352,0.8,0.6,1
0,11,11.89,5.1,Portugal,96,1152.39681,0.1,58,0.777,76.6,45,1,96,1289898,15.5,Developed,9.14,2000,16,1,167.3280168,0.8,0.6,1
0,7,1.2,67.7,Qatar,97,8834.87958,0.1,97,0.843,77.9,73,1,99,,13.4,Developing,2.15,2013,16,0,515.0734795,5.1,4.7,0
0,17,11.45,25.2,Republic of Korea,97,,0.1,89,,76.7,23060,1,99,,,Developing,4.76,2001,16,3,0,1.6,1.1,4
0,3,11.79,55.7,Russian Federation,98,692.194398,0.3,98,0.754,66.4,1147,1,98,14349528,13.8,Developing,5.3,2006,16,17,12.25184084,2.4,2.7,20
28,38,10.47,54.2,Russian Federation,96,21.362386,0.3,43,0.72,65.1,2072,1,97,14597683,12.5,Developing,5.67,2001,16,21,2.642527148,2.8,3,25
28,37,10.18,54,Russian Federation,96,1771.58662,0.2,,0.709,65,4800,1,97,146596557,12.1,Developing,5.42,2000,16,22,224.4600248,2.9,3,26
0,23,0.01,2.8,Rwanda,98,76.5699517,0.4,98,0.488,65.7,10,1,98,11345357,10.8,Developing,7.53,2014,16,12,7.549797238,5.8,5.8,16
0,26,7.92,18.3,Rwanda,97,563.491487,2.3,97,0.454,62.8,121,1,93,1246842,10,Developing,7.91,2010,16,16,63.78723633,6.5,6.3,23
28,37,7.01,15.4,Rwanda,95,287.931877,7.1,95,0.388,55.3,129,1,95,8991735,8.8,Developing,6.83,2005,16,24,39.44666715,6.8,7,38
28,48,6.66,14.5,Rwanda,96,212.6619491,8.1,96,0.359,52,1064,1,96,868346,7.6,Developing,6.34,2003,16,29,33.30286123,7,7.3,46
0,16,12.32,39.6,Saint Lucia,95,,0.2,95,0.689,73.1,0,1,95,,12.2,Developing,6.25,2005,16,0,0,4.4,4.4,0
0,16,7.02,5.3,Saint Vincent and the Grenadines,96,,0.1,96,0.712,72.7,0,1,96,,13.3,Developing,4.99,2011,16,0,0,3.5,3.5,0
0,17,5.89,46.6,Saint Vincent and the Grenadines,99,,0.3,99,0.702,71.9,0,1,99,,13.3,Developing,3.92,2007,16,0,0,3.6,3.6,0
0,16,3.63,69.7,Samoa,49,2571.262348,0.1,41,0.671,71.6,0,1,55,179929,12.6,Developing,4.47,2005,16,0,287.4671305,0.2,0.2,0
0,18,3,65.6,Samoa,95,154.68923,0.1,89,0.64,72,0,1,94,17461,12.1,Developing,5.31,2000,16,0,21.2543002,0.2,0.2,0
0,19,,3.9,Sao Tome and Principe,96,1624.63963,0.2,96,0.565,67.5,0,1,96,195553,11.2,Developing,,2015,16,0,0,5.5,5.3,0
0,24,5.58,26.9,Sao Tome and Principe,98,1129.754961,0.5,98,0.542,66.2,0,1,98,174776,10.6,Developing,5.24,2010,16,0,63.04032682,6.1,6,0
0,21,4.13,26.2,Sao Tome and Principe,98,199.57146,0.9,98,0.533,65.8,0,1,99,17813,10.1,Developing,6.65,2009,16,0,11.13608747,6.3,6.2,0
0,22,5.46,24,Sao Tome and Principe,97,843.89447,1.2,75,0.521,64.7,0,1,97,159328,10.2,Developing,7.84,2006,16,0,47.08931143,6.9,6.8,0
0,9,0.09,65.6,Saudi Arabia,98,2533.9462,0.1,98,0.818,74.1,294,1,98,,14.5,Developing,3.86,2012,16,8,196.3808305,7.5,7.4,9
0,1,0.08,6.9,Saudi Arabia,96,15334.66994,0.1,96,0.767,73.2,807,1,96,,12.5,Developing,3.55,2006,16,9,1395.454965,7.2,7.3,10
0,11,0.05,6.2,Saudi Arabia,96,13739.82945,0.1,97,0.761,73.1,373,1,96,,12.4,Developing,3.42,2005,16,9,1117.048134,7.2,7.3,10
0,12,0.06,59.4,Saudi Arabia,96,11138.8746,0.1,96,0.754,73.1,1880,1,96,,12.3,Developing,3.58,2004,16,9,816.4795082,7.2,7.3,11
0,13,0.05,58.5,Saudi Arabia,95,9567.458285,0.1,95,0.747,73,1208,1,95,,12.2,Developing,4.2,2003,16,9,832.3688708,7.2,7.3,11
0,15,0.05,57.7,Saudi Arabia,95,8655.311531,0.1,97,0.745,72.9,311,1,95,,12.1,Developing,4.28,2002,16,10,688.0972667,7.3,7.3,11
0,17,0.05,56.9,Saudi Arabia,97,8643.4944,0.1,95,0.742,72.8,155,1,97,,12,Developing,4.49,2001,16,10,710.4952397,7.3,7.3,12
0,11,0.05,56.2,Saudi Arabia,95,9126.954277,0.1,93,0.737,72.6,0,1,95,,11.8,Developing,4.24,2000,16,10,782.1799815,7.3,7.4,12
0,2,0.28,22.7,Senegal,91,136.4518,0.4,91,0.463,65.6,46,1,83,1373513,8.3,Developing,4.31,2012,16,20,10.20659464,1,9.9,29
0,26,0.32,22.2,Senegal,92,18.25321,0.4,92,0.455,64.9,18,1,89,13391,7.9,Developing,4.42,2011,16,20,1.431051664,1.2,1.1,31
0,23,0.32,2.3,Senegal,94,95.3978522,0.7,94,0.425,62.1,11,1,93,11873557,6.8,Developing,4.72,2007,16,22,8.309152927,11,1.9,36
0,25,0.29,17.5,Senegal,52,473.45338,0.5,,0.378,57.5,5839,1,49,988452,5.2,Developing,4.63,2000,16,27,5.397368532,12.3,12.3,50
0,17,0.01,36.2,Seychelles,99,1557.77892,0.1,99,0.766,73,0,1,99,91359,13.2,Developing,3.37,2014,16,0,151.1045552,5.7,6,0
0,18,6.51,33.5,Seychelles,99,184.68447,0.1,99,0.74,72.4,0,1,99,8977,13.2,Developing,3.59,2010,16,0,16.49232317,5.8,6.2,0
28,47,0.01,23.3,Sierra Leone,92,71.8186998,0.8,92,0.413,54,15,1,92,692279,9.3,Developing,11.59,2013,16,23,1.321464076,7.7,7.6,33
28,45,3.86,2.2,Sierra Leone,64,358.8274716,2.2,63,0.357,45.3,0,1,63,615417,8.2,Developing,1.12,2007,16,29,45.57108889,8.9,8.9,45
28,48,3.83,19.2,Sierra Leone,65,287.6891942,2.2,,0.341,43.3,29,1,67,5658379,7.8,Developing,12.25,2005,16,30,42.08892911,9.3,9.3,47
56,57,4.07,18.4,Sierra Leone,73,263.7618312,1.9,,0.322,41.5,586,1,66,5199549,7.4,Developing,11.69,2003,16,30,38.61473209,9.7,9.8,47
0,6,1.8,32.1,Singapore,96,53166.67581,0.1,96,0.911,82.2,148,1,96,,15.2,Developed,3.93,2011,16,0,638.0001097,2.1,2.1,0
0,19,,59.1,Slovakia,96,,0.1,96,0.842,76.7,1,1,96,,15,Developed,,2015,16,0,0,1.2,1.2,0
0,14,10.58,54.2,Slovakia,99,,0.1,99,0.802,74.4,0,1,99,,14.5,Developed,7.76,2007,16,0,0,1.3,1.4,0
0,9,10.52,56.4,Slovenia,96,24633.79785,0.1,,0.873,79.1,0,1,96,239669,16.9,Developed,9.38,2009,16,0,3505.389434,1.7,1.7,0
0,12,11.02,55.2,Slovenia,97,23841.31792,0.1,,0.865,78.3,0,1,97,218122,16.8,Developed,7.98,2007,16,0,3256.724028,1.8,1.8,0
0,17,12.26,54.7,Slovenia,97,19726.1265,0.1,,0.858,78.1,0,1,97,26868,16.7,Developed,8.42,2006,16,0,2724.17807,1.8,1.9,0
0,14,11.14,54.1,Slovenia,95,18169.1891,0.1,,0.853,77.5,0,1,95,2474,16.3,Developed,8.5,2005,16,0,2503.714258,1.9,2,0
0,2,0.85,43.8,Solomon Islands,9,146.931125,0.1,9,0.482,67.6,0,1,93,49294,9,Developing,6.42,2007,16,0,28.90135229,1.2,1.2,0
0,2,0.99,43,Solomon Islands,99,948.6592511,0.1,99,0.47,67.6,0,1,99,481422,8.4,Developing,6.66,2006,16,0,240.4851202,1.3,1.3,0
0,24,0.9,42.1,Solomon Islands,89,88.874858,0.1,83,0.465,67.4,0,1,9,469885,8.3,Developing,7.83,2005,16,0,25.31155956,1.3,1.3,0
28,29,1.18,41.3,Solomon Islands,9,818.442619,0.1,81,0.459,67.1,0,1,89,458324,8.1,Developing,5.64,2004,16,0,195.5259417,1.3,1.3,0
0,22,1.08,39.6,Solomon Islands,78,784.9562874,0.1,75,0.446,66.5,0,1,78,435262,7.3,Developing,6.9,2002,16,0,156.2847968,1.4,1.4,0
28,34,0.01,2.7,Somalia,4,,0.9,,,51.5,1149,1,4,,,Developing,,2007,16,52,0,7.3,7.1,84
28,48,7.38,48.7,South Africa,65,7548.163698,7.6,68,0.644,59.2,32,1,65,5256515.8,12.8,Developing,8.79,2012,16,43,1089.954838,6,7.3,56
28,38,,,South Sudan,,,2.7,,0,48.9,0,1,,67656,0,Developing,,2000,16,31,0,,,50
0,6,9.25,65.4,Spain,96,2921.9342,0.1,95,0.874,82.4,131,1,96,466245,17.5,Developed,9.1,2013,16,1,423.680459,0.6,0.5,2
0,7,10.24,62.3,Spain,97,35578.73619,0.1,97,0.854,81.3,297,1,97,4595416,16.1,Developed,8.8,2008,16,2,5596.535203,0.6,0.5,2
0,16,1.68,14.6,Sri Lanka,98,837.699787,0.1,,0.686,72.7,309,1,98,18797,12.5,Developing,3.81,2001,16,5,53.61278637,15.4,15.6,6
0,26,1.9,,Sudan,78,893.8793645,0.2,6,0.43,61,228,1,77,316764,6.2,Developing,3.93,2006,16,66,60.3368571,,,99
0,19,5.26,54.8,Suriname,96,833.31332,0.5,86,0.7,73,0,1,96,52613,12.3,Developing,5.81,2010,16,0,99.08095375,3.5,3.4,0
0,22,4.72,52.6,Suriname,84,5761.39536,0.8,84,0.684,69.5,0,1,84,5975,11.7,Developing,5.92,2007,16,0,685.0299083,3.5,3.4,0
0,25,4.47,51.1,Suriname,83,3595.8855,0.6,83,0.672,68.9,0,1,84,498946,11.3,Developing,6.78,2005,16,0,418.9206608,3.5,3.4,0
28,46,4.9,29.3,Swaziland,88,332.517125,33.7,88,0.519,52.6,26,1,89,118675,10.8,Developing,8.46,2009,16,3,47.6164523,5.8,5.9,4
28,51,5.55,28.5,Swaziland,87,347.48798,40.7,92,0.508,50,0,1,88,1138434,10.5,Developing,7.5,2007,16,3,43.3664999,6.5,6.7,4
56,63,5.08,27.8,Swaziland,86,2873.862141,49.1,95,0.495,46,0,1,88,115873,9.7,Developing,6.8,2005,16,3,372.1651473,7.3,7.5,4
56,69,5.78,27.4,Swaziland,86,2529.633557,50.3,93,0.492,45.6,0,1,88,19553,9.4,Developing,5.88,2004,16,3,37.43857664,7.7,7.9,4
0,6,5.65,27.1,Swaziland,85,22.99449,50.6,9,0.493,45.9,350,1,87,187392,9.1,Developing,5.71,2003,16,3,2.819124474,8.2,8.4,4
0,7,6.6,54.9,Sweden,99,42442.2245,0.1,,0.888,83,5,1,99,8993531,16,Developed,9.9,2004,16,0,5793.363644,1.3,1.3,0
0,6,10.15,55,Switzerland,95,69672.471,0.1,,0.916,82.1,958,1,96,7743831,15.3,Developed,11,2009,16,0,14714.82588,0.5,0.4,0
0,6,10.29,54.6,Switzerland,95,72119.5687,0.1,,0.914,82,2022,1,96,7647675,15.3,Developed,1.29,2008,16,0,2084.255535,0.5,0.4,0
28,37,0.01,55.2,Syrian Arab Republic,41,,0.1,71,0.635,63.6,740,1,5,1989141,13,Developing,3.25,2013,16,7,0,6.3,6.1,9
28,32,0.01,54.2,Syrian Arab Republic,45,,0.1,43,0.645,62.8,13,1,47,24271,12.5,Developing,3.25,2012,16,7,0,6.3,6.1,9
0,16,5.88,26.8,Thailand,99,4212.5492,0.3,98,0.706,73.7,6071,1,99,66881867,13,Developing,4.11,2009,16,11,547.2101411,8.3,8.5,12
0,12,,6.3,The former Yugoslav republic of Macedonia,91,,0.1,92,0.746,75.7,1,1,92,,12.9,Developing,,2015,16,0,0,2.1,2.1,0
0,12,1.13,59.7,The former Yugoslav republic of Macedonia,95,,0.1,97,0.743,75.5,116,1,96,,12.9,Developing,6.48,2014,16,0,0,2.2,2.2,0
0,14,1.03,59.1,The former Yugoslav republic of Macedonia,98,,0.1,97,0.741,75.3,4,1,98,,12.9,Developing,6.7,2013,16,0,0,2.2,2.2,0
0,15,1.23,58.5,The former Yugoslav republic of Macedonia,95,,0.1,98,0.739,75.1,7,1,97,,12.9,Developing,6.76,2012,16,0,0,2.2,2.2,0
0,17,1.16,57.9,The former Yugoslav republic of Macedonia,96,,0.1,96,0.735,74.9,701,1,97,,12.9,Developing,6.61,2011,16,0,0,2.2,2.3,0
0,18,1.47,57.4,The former Yugoslav republic of Macedonia,95,,0.1,9,0.732,74.7,217,1,95,,13,Developing,6.83,2010,16,0,0,2.3,2.3,0
0,12,1.75,55.9,The former Yugoslav republic of Macedonia,95,,0.1,96,0.709,73.5,1,1,96,,12.2,Developing,6.9,2007,16,0,0,2.4,2.5,0
0,12,1.75,54.9,The former Yugoslav republic of Macedonia,97,,0.1,53,0,73.6,5,1,98,,11.9,Developing,7.95,2005,16,0,0,2.5,2.6,0
0,12,2.07,54.5,The former Yugoslav republic of Macedonia,94,,0.1,,0,73.5,9,1,95,,11.9,Developing,8.64,2004,16,0,0,2.6,2.6,0
0,26,0.36,13.5,Timor-Leste,55,478.331859,0.1,,0.492,63.7,203,1,55,126484,10.6,Developing,1.5,2005,16,3,7.127144699,12,11.9,3
0,25,0.44,12.9,Timor-Leste,55,471.4565823,0.1,,0.485,61,94,1,55,96852,9.8,Developing,2.48,2003,16,3,46.3913277,12.1,12.1,4
28,34,1.44,22,Togo,85,562.3393592,2.6,85,0.457,58.3,187,1,85,6679282,11.5,Developing,5.21,2011,16,14,39.08258546,7.1,7,21
0,14,0.96,73.3,Tonga,82,445.18866,0.1,82,0.712,72.9,0,1,84,14577,14.4,Developing,4.6,2011,16,0,7.033980828,0.1,0.1,0
0,15,1.57,69.4,Tonga,89,2594.74999,0.1,89,0.694,72.3,0,1,9,1141,14.6,Developing,6.52,2005,16,0,689.9440223,0.1,0.1,0
0,17,,47.1,Trinidad and Tobago,96,17321.83373,0.3,9,0.779,71.2,0,1,88,13692,12.7,Developing,,2015,16,0,0,5.7,5.9,0
0,19,5.82,36.8,Trinidad and Tobago,94,129.51914,1,94,0.736,69.4,0,1,94,129535,12.2,Developing,5.22,2004,16,0,11.85100131,6.3,6.8,0
0,1,,61.2,Tunisia,98,3828.91589,0.1,98,0.723,75.3,16,1,98,11273661,14.6,Developing,,2015,16,3,0,6.5,6.4,3
0,12,1.39,6.2,Tunisia,98,4271.68172,0.1,98,0.722,75.1,15,1,98,1114398,14.7,Developing,7,2014,16,3,604.8701316,6.5,6.4,3
0,13,1.29,59.3,Tunisia,98,4199.47253,0.1,98,0.72,74.9,16,1,98,1114558,14.7,Developing,7.26,2013,16,3,594.6453102,6.4,6.3,3
0,13,1.3,58.3,Tunisia,97,4137.55421,0.1,97,0.717,74.9,48,1,97,1886668,14.6,Developing,7.18,2012,16,3,585.8776761,6.4,6.3,3
0,13,1.29,57.4,Tunisia,98,4256.91279,0.1,98,0.714,74.8,11,1,98,1761467,14.5,Developing,7.15,2011,16,3,623.2120325,6.4,6.3,3
0,12,1.28,56.5,Tunisia,98,414.15177,0.1,98,0.71,74.8,1,1,98,1639931,14.4,Developing,6.54,2010,16,3,64.85616718,6.3,6.3,3
0,12,1.4,55.6,Tunisia,99,4129.977335,0.1,99,0.706,74.7,1,1,99,1521834,14.4,Developing,6.18,2009,16,3,585.6307861,6.3,6.3,3
0,12,1.37,54.7,Tunisia,99,431.9326,0.1,99,0.701,74.7,2,1,99,147336,14.3,Developing,5.63,2008,16,3,53.08451654,6.3,6.3,3
0,12,1.24,53.9,Tunisia,98,3778.184171,0.1,98,0.695,74.6,4,1,98,129887,14.3,Developing,5.64,2007,16,3,469.6282925,6.3,6.3,4
0,12,1.46,53.1,Tunisia,99,3371.71231,0.1,99,0.689,74.4,3,1,99,1196136,14.2,Developing,5.64,2006,16,3,420.1153538,6.3,6.3,4
0,14,1.37,52.2,Tunisia,98,3194.562243,0.1,97,0.683,74.2,15,1,98,112482,13.9,Developing,5.57,2005,16,3,379.5139945,6.4,6.3,4
0,15,1.36,51.4,Tunisia,97,3112.83529,0.1,96,0.673,74,1,1,97,11761,13.6,Developing,5.63,2004,16,3,379.7659054,6.4,6.3,4
0,17,1.34,5.6,Tunisia,95,2761.969249,0.1,92,0.667,73.7,22,1,95,9939678,13.5,Developing,5.36,2003,16,4,321.7694175,6.4,6.3,4
0,19,1.17,49.7,Tunisia,96,2346.5937,0.1,93,0.662,73.5,98,1,96,9864326,13.3,Developing,5.32,2002,16,4,262.8184944,6.5,6.4,5
0,11,1.19,48.9,Tunisia,98,2254.933126,0.1,94,0.654,73.2,231,1,98,978571,13.1,Developing,5.29,2001,16,4,257.2878697,6.5,6.4,5
0,16,,66.1,Turkey,97,1979.52569,0.1,97,0.764,75.8,342,1,97,78271472,14.5,Developing,,2015,16,15,0,4.9,4.8,18
0,17,1.45,65.3,Turkey,96,12127.22522,0.1,96,0.759,75.5,565,1,96,773628,14.5,Developing,5.41,2014,16,16,181.9083783,4.9,4.7,19
0,19,1.41,64.5,Turkey,98,12542.93565,0.1,97,0.754,75.2,7405,1,98,75787333,14.4,Developing,5.38,2013,16,17,188.1440348,4.9,4.7,20
0,14,1.49,54.3,Turkey,88,3119.63716,0.1,77,0.653,78,30509,1,88,64191474,11.1,Developing,5.16,2001,16,41,256.4341746,5.2,5.1,50
0,22,2.75,45.9,Turkmenistan,97,6675.262954,0.1,98,0.672,65.6,0,1,98,5267839,10.7,Developing,1.96,2012,16,7,579.4128244,3.2,3.3,8
28,38,0.01,18.1,Uganda,78,719.172669,3.2,78,0.483,61.5,314,1,82,38833338,10,Developing,7.22,2014,16,68,14.16770158,5.7,5.6,97
28,41,9.79,15.6,Uganda,71,449.6928183,8.2,71,0.453,56.3,1319,1,69,31663896,10.6,Developing,9.1,2008,16,84,72.85023656,6.2,6.2,130
28,41,9.65,15.2,Uganda,73,41.858631,8.4,73,0.442,55.5,3776,1,7,359487,10.3,Developing,9.76,2007,16,88,6.002527685,6.3,6.3,137
28,41,9.81,14.8,Uganda,64,336.4593923,8.6,64,0.434,54.9,5736,1,62,2955662,10.6,Developing,9.86,2006,16,93,50.83901418,6.4,6.4,145
28,53,10.16,13.9,Uganda,59,237.9995917,9.4,44,0.418,51,29429,1,57,2662482,11.5,Developing,7.54,2003,16,109,4.426792406,6.7,6.7,173
0,23,8.06,6.7,Ukraine,23,314.658296,0.2,22,0.746,78,0,1,45,45271947,15.2,Developing,7.1,2014,16,4,5.663849328,2.3,2.4,5
0,25,8.44,59.6,Ukraine,76,3855.42128,0.2,46,0.739,77,12746,1,72,455933,15.1,Developing,7.47,2012,16,5,453.7830847,2.4,2.4,5
0,24,8.48,59,Ukraine,5,3569.75727,0.2,21,0.734,75,1333,1,54,45761,14.9,Developing,6.98,2011,16,5,415.1627705,2.4,2.5,5
0,8,1.75,58.6,United Arab Emirates,96,42112.23565,0.1,96,0.826,76.5,132,1,96,,13.3,Developing,3.45,2012,16,1,3663.764502,5.1,5,1
0,11,1.72,56,United Arab Emirates,94,31311.35936,0.1,92,0.803,74.7,53,1,94,,12.1,Developing,2.72,2002,16,1,2598.842827,5.3,5,1
0,14,1.67,55,United Arab Emirates,94,3161.52935,0.1,92,0.798,74.5,30,1,94,,12,Developing,2.48,2001,16,1,243.7539129,5.3,5.1,1
0,17,1.64,54.1,United Arab Emirates,94,3371.26869,0.1,92,0.791,74.2,69,1,94,,11.8,Developing,2.38,2000,16,1,262.9589578,5.4,5.1,1
0,8,11.47,62.5,United Kingdom of Great Britain and Northern Ireland,92,,0.1,,,79.6,1445,1,92,,,Developed,8.85,2008,16,4,0,0.8,0.5,4
0,8,11.84,61.9,United Kingdom of Great Britain and Northern Ireland,92,,0.1,,,79.5,1022,1,92,,,Developed,8.42,2007,16,4,0,0.7,0.5,4
28,34,0.01,23.2,United Republic of Tanzania,97,,1.4,97,,67,88,1,97,,,Developing,5.58,2014,16,86,0,6.8,6.6,121
28,36,4.19,2.7,United Republic of Tanzania,91,,4.6,91,,57.5,167,1,94,,,Developing,5.3,2010,16,89,0,7.1,7.1,131
28,46,3.37,16.8,United Republic of Tanzania,89,,12.1,89,,52,5131,1,91,,,Developing,3.59,2002,16,106,0,8,8,166
28,46,4.09,16.4,United Republic of Tanzania,87,,12.5,,,49.6,11847,1,65,,,Developing,3.28,2001,16,110,0,8.2,8.1,173
0,13,,69.6,United States of America,95,,0.1,92,,79.3,188,1,93,,,Developed,,2015,16,23,0,0.8,0.6,26
0,14,8.82,69.1,United States of America,95,,0.1,92,,79.1,667,1,93,,,Developed,17.14,2014,16,23,0,0.8,0.6,27
0,16,8.82,68.6,United States of America,94,,0.1,91,,78.9,187,1,93,,,Developed,16.9,2013,16,23,0,0.7,0.6,27
0,16,8.82,68,United States of America,94,,0.1,9,,78.8,55,1,93,,,Developed,17.2,2012,16,24,0,0.7,0.6,28
0,16,8.67,67.5,United States of America,96,,0.1,91,,78.7,220,1,94,,,Developed,17.6,2011,16,25,0,0.7,0.6,29
0,15,8.55,66.9,United States of America,95,,0.1,92,,78.7,63,1,93,,,Developed,17.2,2010,16,25,0,0.7,0.6,30
0,18,8.71,66.3,United States of America,95,,0.1,92,,78.5,71,1,93,,,Developed,17,2009,16,26,0,0.7,0.6,31
0,18,8.74,65.7,United States of America,96,,0.1,94,,78.2,140,1,94,,,Developed,16.2,2008,16,27,0,0.7,0.6,31
0,11,8.74,65.1,United States of America,96,,0.1,93,,78.1,43,1,93,,,Developed,15.57,2007,16,27,0,0.7,0.6,32
0,13,,53.3,Vanuatu,64,285.83414,0.1,64,0.598,72,39,1,65,26463,10.8,Developing,,2015,16,0,0,1.5,1.4,0
0,18,1.21,41.1,Vanuatu,71,1469.849149,0.1,7,0,69,9,1,67,18563,9.6,Developing,3.28,2000,16,0,21.90075232,1.7,1.7,0
0,13,4.12,15.3,Viet Nam,97,,0.1,97,0.662,75.6,578,1,97,,12.2,Developing,6.96,2012,16,29,0,14.4,15,36
0,24,0.05,35.1,Yemen,79,,0.1,79,0.477,63.4,13,1,79,,8.6,Developing,4.92,2007,16,38,0,13.8,13.8,49
0,25,0.07,32.2,Yemen,65,,0.1,31,0.45,61.5,890,1,64,,8,Developing,4.22,2002,16,45,0,14,14,61
28,33,,23.4,Zambia,9,1313.889646,4.1,9,0.576,61.8,9,1,9,161587,12.5,Developing,,2015,16,27,0,6.3,6.1,40
28,45,2.12,19.7,Zambia,87,1369.68249,11.9,87,0.504,55.7,140,1,9,1382517,11.4,Developing,4.87,2008,16,31,153.6783754,6.8,6.7,49
56,64,2.33,17.6,Zambia,83,429.1583434,18.2,,0.443,46.4,881,1,85,11421984,10.2,Developing,8.18,2003,16,39,65.78997404,7.3,7.2,62
56,69,2.44,17.3,Zambia,84,377.135244,18.4,,0.433,45.5,25036,1,85,111249,10,Developing,6.93,2002,16,41,54.04348047,7.4,7.3,66
56,67,3.88,28.2,Zimbabwe,73,396.9982166,23.7,72,0.414,46.6,242,1,73,1332999,9.6,Developing,4.47,2007,16,29,29.81456607,8.2,8.2,46
0,7,4.57,27.9,Zimbabwe,7,414.796232,26.8,68,0.408,45.4,212,1,71,13124267,9.5,Developing,5.12,2006,16,28,34.26216876,8.6,8.6,45
56,73,4.43,26.3,Zimbabwe,71,57.34834,39.8,73,0.427,44.8,304,1,73,125525,10,Developing,6.53,2002,16,25,0,1.2,1.3,40
